round,lr,test_accuracy,test_f1,test_image_accuracy,test_image_f1,test_image_precision,test_image_recall,test_loss,test_precision,test_recall,train_accuracy,train_f1,train_image_accuracy,train_image_f1,train_image_precision,train_image_recall,train_loss,train_precision,train_recall,val_accuracy,val_f1,val_image_accuracy,val_image_f1,val_image_precision,val_image_recall,val_loss,val_precision,val_recall
1,0.00010000000000000002,0.28815533980582525,0.15287619770627278,0.32038834951456313,0.16950969203396385,0.14600092464170134,0.2812297734627832,1.5891122850708204,0.12400033042036272,0.25344768069039914,0.2435164835164835,0.09721946163674067,0.24615384615384617,0.09700766058929461,0.08314129540532085,0.21370629370629374,1.6234047213928164,0.14251291925427348,0.2114244422244422,0.23291550671550673,0.09148366930755615,0.23982905982905986,0.09416429724122033,0.06634781091923948,0.20989010989010992,1.58428255862918,0.06748171735632359,0.20292698412698415
2,9.997507884796767e-05,0.3030744336569579,0.16361993110099088,0.33980582524271846,0.17619341823225315,0.13518723994452148,0.2919093851132686,1.5851894961977469,0.12521190932418594,0.26230312837108954,0.2651062271062271,0.12125817931561543,0.26373626373626374,0.11659734282499995,0.09859791368582578,0.22841158841158843,1.6075552330261622,0.14283465317715302,0.2296341125541126,0.25584078144078143,0.1136205531225727,0.24993894993894994,0.0971618857333143,0.06385592185592186,0.22000000000000003,1.5823662910007297,0.13912193370427722,0.2242871794871795
3,9.990034048535827e-05,0.3204854368932039,0.172470235838359,0.32038834951456313,0.17224071505624905,0.13145631067961164,0.27896440129449834,1.5825612012776742,0.12906702266811007,0.2788500539374326,0.262937728937729,0.11544138185043278,0.26153846153846155,0.11225115262120819,0.0889856297548605,0.22769230769230772,1.6021080982641422,0.1574529001873593,0.2288905760905761,0.23816532356532355,0.10280586406011534,0.21697191697191698,0.08411149290270169,0.06767434153148438,0.18695970695970698,1.580806257437107,0.12292413709372854,0.20640561660561663
4,9.97758601673677e-05,0.3139482200647249,0.1765708376879498,0.32038834951456313,0.17256433965171827,0.13011789181692096,0.2754045307443366,1.578985613480355,0.23072478503733868,0.2710474649406688,0.26958241758241763,0.12340878362908876,0.2681318681318681,0.12053569786887243,0.10712004488862119,0.23100499500499505,1.5910186654918796,0.13336869535186746,0.23232010656010652,0.27115392755392753,0.1114177755001,0.2686202686202686,0.10654546918283181,0.0760866910866911,0.2197802197802198,1.575604121146864,0.13989299062718583,0.22062735042735046
5,9.960176323512436e-05,0.3053398058252427,0.16536602289896693,0.3106796116504854,0.16808290953922023,0.1264008321775312,0.2682847896440129,1.576520852409906,0.12581468847717542,0.2632189859762675,0.2968498168498168,0.15160316049220246,0.2945054945054945,0.1460051044839668,0.15547609682773775,0.25253546453546455,1.5886670142128354,0.1812025462580056,0.25480815184815186,0.27375653235653236,0.1285766590600082,0.258949938949939,0.10912021312021311,0.08798674341531484,0.21663003663003666,1.5760500491758258,0.13756609479635767,0.23152527472527473
6,9.937822498948151e-05,0.2881877022653722,0.15042803331901167,0.2815533980582524,0.13443449754129363,0.10050470026198183,0.24110032362459546,1.5742056530733326,0.16099199105762332,0.2479611650485437,0.2851062271062271,0.14234458544537804,0.27912087912087913,0.13453268188511225,0.12590307698257763,0.24321678321678322,1.5803873616871815,0.17754515782975072,0.24860089244089242,0.2595631257631258,0.12516214565239678,0.25103785103785103,0.11211989475725738,0.09221419849991279,0.22322344322344326,1.5734642576955904,0.1645928714169986,0.23099120879120882
7,9.9105470514504e-05,0.30003236245954695,0.16233802986370152,0.30097087378640774,0.15830174140853753,0.11771382339343506,0.2576051779935275,1.572287770876221,0.12328556464259412,0.25870010787486514,0.3230476190476191,0.17635898955740203,0.3208791208791209,0.17334469634045385,0.1415706309961844,0.2774270174270175,1.5773061546912561,0.18757997496669418,0.2793105087505087,0.2940376882376882,0.15324784176643075,0.31015873015873013,0.1633279418993705,0.13520652363509506,0.26673992673992675,1.5699083501029414,0.16351823119008724,0.2528339438339438
8,9.878377445082767e-05,0.332168284789644,0.19392001505113005,0.32038834951456313,0.17623054399753427,0.14584604715672675,0.27637540453074433,1.570060367399049,0.22652020655275934,0.28751779935275085,0.2958754578754579,0.15561124603424278,0.2989010989010989,0.15595463344607138,0.13878718340133483,0.2587492507492508,1.5742386775139052,0.19392461127862587,0.2560806941206942,0.29869352869352866,0.16297174827494573,0.293015873015873,0.15397940277061153,0.136317809174952,0.2597802197802198,1.566424412598414,0.17016408956028753,0.26391282051282056
9,9.841346071911963e-05,0.3383818770226537,0.20796024592937856,0.36893203883495146,0.22304319197523081,0.21189089227924177,0.3226537216828479,1.568236804980676,0.23694892618892893,0.29461596548004315,0.3421538461538461,0.19474260356375342,0.3384615384615385,0.1912238714988496,0.17689426899607147,0.2934025974025974,1.5719540270256909,0.20162769849683562,0.29700840344840346,0.3400575498575499,0.19390886049103329,0.34534798534798533,0.19865524951239236,0.18743432757718473,0.29978021978021974,1.569720842499242,0.20826146150665503,0.29571794871794865
10,9.799490219391763e-05,0.3387702265372167,0.20661944756106007,0.3592233009708738,0.22053321004777318,0.19985436893203884,0.3093851132686084,1.566180105888342,0.2113671888365167,0.2936623516720604,0.30803663003662995,0.16556721122420479,0.3142857142857143,0.16955081655731125,0.1457354069381719,0.2738061938061938,1.5666570176484387,0.1692343695111194,0.2686823576423576,0.2974068376068376,0.1548576595741442,0.2897191697191697,0.14000388378410356,0.11609855224140937,0.24652014652014653,1.5676467296141554,0.1601975804769702,0.2551032967032967
11,9.75285203281768e-05,0.3425566343042072,0.2146185950501783,0.3592233009708738,0.22089073817229155,0.19387424872861767,0.31165048543689317,1.5648036333812478,0.22865655652844397,0.2961035598705502,0.3179047619047619,0.17445516595791855,0.3230769230769231,0.17376895133967163,0.15248311842214712,0.279988011988012,1.5646314052260402,0.2001409880967783,0.2754973293373294,0.3332202686202687,0.19111829106446537,0.35477411477411475,0.20636642722357004,0.18010186638758066,0.3101831501831502,1.564942796435451,0.18015493455724038,0.28926886446886446
12,9.701478472890248e-05,0.3171521035598706,0.1785448261506637,0.3300970873786408,0.18609492988133763,0.15375404530744335,0.283495145631068,1.5637226332661405,0.17105959923401126,0.27328694714131607,0.3319267399267399,0.1910072659105242,0.3230769230769231,0.18099617403324192,0.15709709515929213,0.2801935841935842,1.5615787284452836,0.2067058666482812,0.2884865001665001,0.31270223850223855,0.17660792940333714,0.313015873015873,0.1748703677275106,0.17587406244549103,0.27304029304029304,1.5647288141495919,0.21430622938541308,0.2724134310134311
13,9.645421268429561e-05,0.3324271844660194,0.2024443460561541,0.33980582524271846,0.19607951918631533,0.15633379565418398,0.29223300970873783,1.562206105692101,0.22161320395852788,0.2864509169363538,0.30853479853479854,0.16936125011794467,0.3054945054945055,0.1650239886462892,0.1605373642576977,0.26606993006993007,1.5586871535612112,0.1985014804399178,0.2686869959669959,0.30256385836385835,0.17792126676918923,0.32378510378510383,0.19754665846973538,0.202008547008547,0.28608058608058606,1.5676985487180655,0.1793965967330089,0.2686051282051282
14,9.584736864288742e-05,0.3438187702265372,0.24055135635064817,0.3300970873786408,0.2188719371243643,0.19724919093851137,0.28932038834951457,1.5604501962507427,0.22022799356289707,0.30333225458468177,0.34928205128205125,0.22621657960497796,0.37142857142857144,0.23682403200249602,0.2262397502874174,0.32731002331002335,1.5588006429008512,0.21879092887294455,0.3078471099271099,0.3410240944240944,0.20192102706361353,0.362026862026862,0.20810591118283422,0.19020024420024417,0.2997802197802198,1.559088209875648,0.22277612200833272,0.28473699633699634
15,9.519486364518778e-05,0.34258899676375404,0.21666904469284146,0.34951456310679613,0.21901679765757434,0.18730929264909849,0.30453074433656957,1.558299812282945,0.22704515675610096,0.29610895361380796,0.3286739926739927,0.18843222161743678,0.3230769230769231,0.18220456224524986,0.15971303609259543,0.2818341658341658,1.557873669718648,0.1701609199176044,0.28691010323010324,0.30892299552299546,0.18176755400362882,0.3108180708180708,0.18263748949463235,0.1717805686377115,0.2663003663003663,1.560205184474785,0.1960626105592984,0.2646932844932845
16,9.449735470841871e-05,0.3429126213592233,0.21863001710338917,0.34951456310679613,0.21907073509015257,0.18889967637540453,0.3029126213592233,1.5581323554832185,0.22518861858886824,0.29653074433656956,0.3556776556776557,0.2334848685842277,0.37142857142857144,0.24470010384847457,0.23902151279783176,0.32475524475524475,1.5541007165594418,0.25763814804928886,0.3105184681984682,0.34533048433048436,0.22568511791927634,0.3453724053724054,0.21800326657469513,0.20370626199197628,0.3030769230769231,1.556937358361315,0.2498126809528879,0.3024818070818071
17,9.375554416495435e-05,0.33909385113268603,0.21635765225492998,0.3592233009708738,0.22704268762521193,0.2282108183079057,0.31391585760517793,1.5584708915482062,0.23941550446063364,0.29633333333333334,0.3567106227106226,0.21977430493913228,0.367032967032967,0.21984260062465358,0.19236172937059004,0.3194685314685315,1.5532874637471012,0.22547786570781322,0.311047764087764,0.31693838013838016,0.18361609370981816,0.3103785103785104,0.16744379430093714,0.13818088260945402,0.2635897435897436,1.5594092512984659,0.22361145639912558,0.2722095238095238
18,9.297017895513138e-05,0.34385113268608414,0.22732749545252234,0.36893203883495146,0.2405177993527508,0.2236523347202959,0.3236245954692557,1.5552598987813906,0.23858174003544322,0.29970442286947147,0.35279120879120873,0.222926106132148,0.36043956043956044,0.22761283242318028,0.21896958274978331,0.3177591297591298,1.5537600611068392,0.24538043911899884,0.3104965626965627,0.36175140415140417,0.22292117095418232,0.3556776556776557,0.21555181326609898,0.18756096284667712,0.3101098901098901,1.553923624641875,0.21817536009671662,0.3127501831501831
19,9.214204987514348e-05,0.3321035598705501,0.19646729395364845,0.34951456310679613,0.19607447568612618,0.17213129912159036,0.3032362459546925,1.5554582342283627,0.20969707251751205,0.28880366774541527,0.3234432234432234,0.18328719288432624,0.3230769230769231,0.17553750698196632,0.17393130351236205,0.2793126873126873,1.552787205483014,0.21547354991373935,0.27992398268398266,0.3364108262108262,0.19519910114303968,0.35633699633699634,0.20451294737009018,0.19756706785278214,0.30630036630036633,1.5568285584249097,0.2375966381354838,0.2898581196581197
20,9.127199078077673e-05,0.3429126213592233,0.21866204554607038,0.36893203883495146,0.23008896173944718,0.21507628294036063,0.3194174757281553,1.5544835286927454,0.23537716960002086,0.2978198489751888,0.34353113553113557,0.2109011002083775,0.34505494505494505,0.21189189320737825,0.2007577323506792,0.2993926073926074,1.5499159531890252,0.2176173150528927,0.29830474414474417,0.32171241351241353,0.19535710402076534,0.3231501831501831,0.1916024439540923,0.19099511599511598,0.2831501831501831,1.5552135272413818,0.2140017189088665,0.27955213675213675
21,9.036087774778741e-05,0.3390938511326861,0.20841734837309542,0.33980582524271846,0.20768069039913697,0.18589227924179383,0.29320388349514565,1.5533541935701587,0.22710093499647502,0.2928468176914779,0.34247619047619043,0.2035951494422585,0.34285714285714286,0.2006550185131421,0.1715831571140846,0.2975864135864136,1.5485622117632913,0.2430770709093304,0.2973029992229992,0.35645567765567765,0.22037039333140568,0.35435897435897434,0.21466527123669976,0.20108791208791205,0.30652014652014653,1.553527026330469,0.2415713988631645,0.30721514041514036
22,8.940962818976798e-05,0.3433333333333334,0.23773565930520943,0.3300970873786408,0.21934196332254585,0.19900138696255198,0.28964401294498376,1.5528684380602296,0.22561098522043696,0.3018629989212514,0.34047619047619043,0.21042095710158976,0.34285714285714286,0.20831111128830512,0.19543031359652832,0.3003956043956044,1.5499297183773892,0.2074857236253693,0.2985672194472195,0.3518176638176639,0.2186995406191001,0.375018315018315,0.23168317396888824,0.22692987964416533,0.32285714285714284,1.5551761960209316,0.24388203764294192,0.3019465201465202
23,8.84191999343894e-05,0.34171521035598706,0.21322553303074956,0.36893203883495146,0.22714439821235938,0.20626213592233006,0.3200647249190939,1.5513497177142541,0.23315869079979976,0.2962157497303128,0.3333553113553114,0.19764291568914832,0.3230769230769231,0.18488212399077938,0.17123555206636656,0.2794365634365634,1.548227463152819,0.21047467276472095,0.2887085003885004,0.3139616605616605,0.17762017834009802,0.30249084249084246,0.16455997970283684,0.14701098901098902,0.2602197802197802,1.5510839989511958,0.21358058400779875,0.27054017094017097
24,8.739059025894986e-05,0.3350161812297734,0.20683526627153626,0.3300970873786408,0.19410540915395286,0.15750809061488671,0.283495145631068,1.5499776980483417,0.20443235084029074,0.2885339805825243,0.35540659340659336,0.2211537227674416,0.3626373626373626,0.22615175342091962,0.2228623662159922,0.31479720279720275,1.544761673557016,0.2539035614984365,0.3084717134717135,0.31762173382173386,0.19169353971317088,0.3009279609279609,0.17179753579753576,0.16729984301412873,0.25970695970695973,1.553176646226084,0.2205892877898275,0.2732869352869353
25,8.632483488620098e-05,0.34203883495145637,0.22395698353980734,0.33980582524271846,0.21799044536908616,0.1941285251964864,0.29449838187702265,1.5511552253433032,0.23582918568080824,0.2974919093851133,0.35272527472527476,0.22893690384721732,0.35384615384615387,0.229471497920499,0.2500332141994917,0.3104864024864025,1.546408692925841,0.26098280308794763,0.30909224405224406,0.3457696377696378,0.20489662907147646,0.364029304029304,0.21212692069834926,0.20098534798534795,0.3062271062271062,1.5524538615043928,0.22089866969626054,0.2916622710622711
26,8.52230069414629e-05,0.3432362459546926,0.22427857121994582,0.34951456310679613,0.22144244105409155,0.196208969024503,0.3042071197411003,1.5501881422116917,0.24034186150651082,0.2987508090614887,0.3517875457875458,0.21732479011442296,0.35604395604395606,0.2134809255423569,0.18320779208525834,0.31211588411588415,1.5458845029209123,0.23954043568004396,0.3085875428275428,0.3562178266178266,0.2302686996445411,0.3532600732600733,0.2169457209457209,0.21754090354090352,0.30652014652014653,1.550232147839305,0.24951384197456136,0.307810989010989
27,8.408621587207805e-05,0.3412297734627832,0.22230121134159647,0.3300970873786408,0.2120973955925412,0.18594544613962088,0.2854368932038835,1.5483781026790828,0.23028148978311008,0.2962157497303128,0.3528571428571429,0.21977844909606958,0.3648351648351648,0.22873544128296822,0.22522410791659522,0.31809479409479413,1.5435019638774161,0.21983966866531943,0.30734622414622415,0.35612486772486773,0.22136485172823542,0.3543589743589744,0.21555599955599955,0.21096023024594449,0.30652014652014653,1.5501059867798337,0.23399252809691656,0.30829499389499393
28,8.291560633029163e-05,0.3370550161812298,0.20516932007544592,0.36893203883495146,0.2271855867972373,0.21082755432269992,0.3200647249190939,1.5482319693117854,0.23178283137327027,0.29231930960086294,0.35650549450549457,0.21639142328052977,0.367032967032967,0.2193027777046418,0.2256389802775079,0.31855744255744256,1.5469865120024908,0.2526892929895526,0.3096391800791801,0.3291969067969068,0.20183866074789633,0.32224664224664223,0.18624118738404452,0.16599720914006627,0.2766300366300366,1.5514154241672902,0.21244997580125297,0.28462905982905984
29,8.171235702068386e-05,0.3394822006472492,0.2119940872307732,0.33980582524271846,0.20640160271228236,0.1790499306518724,0.29320388349514565,1.5482383022647845,0.22814687754809793,0.2935264293419633,0.3487765567765568,0.2118213661017836,0.35384615384615387,0.21421787683800472,0.22630433304337946,0.30646153846153845,1.5445324999072176,0.24114105196866872,0.3021215747215747,0.34320407000407,0.20187643456073098,0.3323565323565324,0.18209885352742494,0.16341950113378684,0.2833699633699634,1.55190408229432,0.25496550179724997,0.2943145299145299
30,8.04776795133145e-05,0.3418122977346278,0.21939771509573072,0.36893203883495146,0.22746297930763948,0.20603791030975496,0.3194174757281554,1.5471360186851526,0.23709703834434434,0.2970927723840345,0.3694725274725275,0.23805420151039183,0.3824175824175824,0.24350946559563577,0.25528286951175344,0.33402686202686205,1.5475403088091055,0.29322424556505483,0.3228779161579161,0.3793607651607652,0.23333112977238493,0.3644688644688645,0.20891235748378603,0.18487545787545784,0.3132600732600733,1.5476772649844197,0.21978513586238208,0.3285870573870574
31,7.921281702377433e-05,0.34229773462783175,0.22221707021524414,0.3300970873786408,0.21155802126675913,0.18548312528895053,0.2854368932038835,1.548001267609087,0.23197958522528467,0.2970625674217908,0.35607326007326007,0.22570315292459103,0.35604395604395606,0.22183639547740522,0.2260407205086257,0.31004595404595403,1.5457669457236487,0.2759719412467178,0.31019175639175645,0.36032958892958894,0.21954238895652378,0.3646886446886447,0.21742029399172252,0.19391836734693876,0.3101098901098901,1.5491497836542654,0.2213563580523584,0.3095008547008547
32,7.791904316137248e-05,0.34291262135922324,0.22221255857643962,0.33980582524271846,0.2180151024811219,0.19047619047619047,0.29514563106796116,1.546489861466738,0.22664171195531738,0.29730744336569576,0.3567765567765568,0.22940967821771555,0.367032967032967,0.2338345616089351,0.24041885255377551,0.3196971916971917,1.542874296191848,0.25473047301017887,0.31088107892107897,0.33871762311762305,0.21925582697985913,0.344004884004884,0.21750643007785864,0.22554142682714112,0.2995604395604396,1.5492458708524415,0.2440747097728641,0.29681318681318686
33,7.659766064671986e-05,0.3417799352750808,0.222492870459289,0.3300970873786408,0.21155802126675913,0.18548312528895053,0.2854368932038835,1.5470184791280999,0.23229028936718446,0.2967162891046386,0.3404908424908425,0.2065088192196704,0.3362637362637363,0.1966945866772336,0.18504007411372828,0.2929119769119769,1.5446816238291536,0.2353307403253783,0.29662417582417583,0.34339625559625564,0.20154208092443884,0.35389499389499396,0.20270599242027815,0.18523356009070294,0.3028571428571429,1.5501048913834587,0.2363710043784623,0.2923575091575092
34,7.525000000000001e-05,0.34375404530744336,0.2171986549987837,0.3300970873786408,0.2041578055170288,0.17783633841886268,0.28608414239482205,1.5450532730343274,0.22732434767056073,0.29754045307443366,0.3564175824175825,0.2148888466027445,0.35384615384615387,0.209222774335551,0.21105450175658835,0.30714574314574317,1.544415618805658,0.23856161806460227,0.309742424982425,0.3427289377289377,0.20397678250073195,0.34446886446886443,0.1898959453245167,0.1537666143380429,0.2966300366300366,1.5481167102389093,0.20043421352104532,0.29555604395604396
35,7.38774182012478e-05,0.3426860841423948,0.22084088890051395,0.3592233009708738,0.2271382339343504,0.19976883957466482,0.3113268608414239,1.5458705207985197,0.2327965457298578,0.2975782092772384,0.35617582417582416,0.22132096172580026,0.35604395604395606,0.21869535053913794,0.22513479434093092,0.30958730158730163,1.5431990763905286,0.24819699689541405,0.3096144684944685,0.3635359381359382,0.2183939626187393,0.35323565323565326,0.20815717615717613,0.19301534972963547,0.3065201465201465,1.5467282578989605,0.2731122014984502,0.3142681318681319
36,7.248129732398583e-05,0.3442718446601941,0.22676044652815636,0.34951456310679613,0.225584835876098,0.1952380952380952,0.30388349514563107,1.544029338228664,0.22904214990046587,0.2992405609492988,0.36279120879120885,0.23221334007634853,0.3648351648351648,0.231278579327672,0.20801044322494772,0.31712376512376517,1.542772289073511,0.23355218946253592,0.31586780478780474,0.3639244607244607,0.23423890227845154,0.3866910866910867,0.24512516055373196,0.2323804290947148,0.33326007326007323,1.5473644300549314,0.2396778238701242,0.3142800976800977
37,7.106304314359339e-05,0.34229773462783164,0.22904259090380474,0.3592233009708738,0.2342436851174715,0.2298705501618123,0.316504854368932,1.5450096992535884,0.2430127505465476,0.3008867313915858,0.3534139194139194,0.22833682450315254,0.35604395604395606,0.23059116863635953,0.22796568069901524,0.31284804084804085,1.542204456399212,0.25841535872892535,0.31031290043290044,0.3761026455026455,0.23291613690994073,0.37323565323565316,0.21193929879644163,0.1845140415140415,0.3131868131868132,1.5471897527623284,0.24594864440177722,0.31978583638583635
38,6.962408372180988e-05,0.3387702265372168,0.21648951721613177,0.3592233009708738,0.22633659759873354,0.2276714439821236,0.31391585760517793,1.5455370577099254,0.24169005139864067,0.29564724919093854,0.3393479853479854,0.20723460013181888,0.34285714285714286,0.20165353232508473,0.20111144442236878,0.2999409479409479,1.5417099685808677,0.29803043537588264,0.29695885743885747,0.30930004070004075,0.18395924654397763,0.3035653235653235,0.1730803311462652,0.158277516134659,0.2692307692307693,1.547666170400248,0.25638276662901094,0.2738681318681319
39,6.816586796879766e-05,0.34427184466019417,0.22829872875494564,0.36893203883495146,0.24004118858487788,0.23190476190476192,0.3236245954692557,1.5437505424832834,0.24334767510902436,0.3005760517799353,0.35708424908424913,0.2284413601409865,0.378021978021978,0.2419800721925436,0.2196203938395769,0.3315662115662116,1.5432106998289898,0.25381286890786037,0.3132133866133866,0.36298762718762717,0.23272045799925264,0.3649084249084249,0.22585287728144868,0.20704081632653062,0.31948717948717953,1.5467303157524601,0.2639023031843954,0.31591062271062276
40,6.66898641842124e-05,0.3370873786407767,0.20614719361276157,0.3300970873786408,0.1947357065803668,0.16647480351363844,0.283495145631068,1.5444490954173808,0.20815187073344862,0.29116504854368935,0.3638461538461539,0.22203715976075905,0.3758241758241758,0.22716987282823814,0.23053692184510746,0.3271608391608392,1.5421242029762967,0.2692354160161215,0.31672954156954153,0.35374017094017096,0.21295100892054386,0.3642490842490843,0.21936082964654388,0.19974097331240184,0.31304029304029307,1.546958529490749,0.21650704090206876,0.30349548229548234
41,6.519755857874963e-05,0.34275080906148864,0.21584311027681433,0.3300970873786408,0.20226229002928034,0.17524734165510863,0.286084142394822,1.5426646263005277,0.2239078459292522,0.2965318230852212,0.35027838827838825,0.21966512617534753,0.36043956043956044,0.22450548790918018,0.22465728804179677,0.31440959040959043,1.5432900023722385,0.2369295953566145,0.30551868427868434,0.3250498982498982,0.20385822459937597,0.33391941391941393,0.20345325980490814,0.18920565149136576,0.28945054945054943,1.5457223352039446,0.243487169950926,0.28136385836385835
42,6.369045377765672e-05,0.3433009708737864,0.23100963217393752,0.3592233009708738,0.23658919289987254,0.22982431807674528,0.31391585760517793,1.5435969514291263,0.2402227886597147,0.30076159654800433,0.35307692307692307,0.2237365637666555,0.34725274725274724,0.21621313690934077,0.20880601447722266,0.30283405483405484,1.5411589750003467,0.27730646504868695,0.30819285899285903,0.3297142043142043,0.1967506459430023,0.3255921855921856,0.18771212914070057,0.1544871794871795,0.2833699633699634,1.547620250511092,0.2441126146399109,0.2856021978021978
43,6.217006730771666e-05,0.34242718446601944,0.2192361795490979,0.3592233009708738,0.22431499460625676,0.19956541840036987,0.3122977346278318,1.5433940552584946,0.23239720884812679,0.29730420711974115,0.3541538461538461,0.22185529523676134,0.36043956043956044,0.22333527393801927,0.20966066120929142,0.3144384504384504,1.5432102696275538,0.2468680648218982,0.3093888319088319,0.3785046805046805,0.23714156055181196,0.38534798534798537,0.23435104577961718,0.22099162742019884,0.32644688644688646,1.5436548632077194,0.2876270592917336,0.3229277167277168
44,6.0637930069226945e-05,0.34203883495145626,0.23143194384441249,0.3592233009708738,0.23745835609913277,0.2322399445214979,0.31391585760517793,1.5439811666266432,0.23892093915823429,0.3007691477885653,0.3718168498168498,0.23797835588965757,0.3868131868131868,0.24359776042263145,0.2572465065566494,0.3378479298479299,1.5429687414413842,0.2608504614707398,0.32482119066119064,0.37284387464387464,0.2284760955051674,0.37633699633699635,0.2279538873824588,0.2121794871794872,0.3263003663003663,1.5436854356532084,0.22421372408394213,0.3221115995115995
45,5.909558479451305e-05,0.3422330097087379,0.22170897656433836,0.3592233009708738,0.2271382339343504,0.1997688395746648,0.31132686084142397,1.5439964901822285,0.23675224901830244,0.2974929881337649,0.35813919413919415,0.23661334035847223,0.3626373626373626,0.23737367310564123,0.27007963048190314,0.3166002886002886,1.5412047821261505,0.28236472331867657,0.3131748444148444,0.367441107041107,0.23254433771377558,0.37633699633699635,0.23447612704755558,0.23096755625327053,0.32630036630036624,1.5465094934543457,0.24597101080724648,0.3176522588522589
46,5.754458449452761e-05,0.34103559870550165,0.21933753230192193,0.3592233009708738,0.2245503579484162,0.20425797503467408,0.3122977346278318,1.543977954256496,0.24175788011164723,0.29671305285868393,0.36156043956043954,0.2291957193363084,0.37142857142857144,0.2333986660348017,0.25086215206027745,0.32450127650127647,1.5441986430171646,0.258607543913924,0.3155734961334961,0.36322694342694345,0.2209656521982673,0.3453479853479854,0.19725093953665382,0.16701674515960227,0.29978021978021974,1.547052499193169,0.25066895776508136,0.31436361416361414
47,5.5986490895100044e-05,0.3416181229773463,0.21969253950043025,0.3592233009708738,0.22247916053741296,0.19790106333795654,0.31229773462783167,1.5421688803577116,0.23551553216871837,0.29684034519956853,0.3655824175824176,0.23704915229761397,0.38461538461538464,0.2498141009934693,0.27084149142578184,0.33614874014874013,1.5430942997390968,0.2876801329096889,0.3192048262848263,0.36907578347578346,0.22898388754694704,0.3754578754578754,0.22633170004598574,0.20896336996337,0.3231501831501831,1.5425281052326645,0.23651986938729355,0.3172942612942613
48,5.4422872864411035e-05,0.3416828478964401,0.22172996987475646,0.3592233009708738,0.2306622395942784,0.22414932963476655,0.31391585760517793,1.5421176678308777,0.24506826216164726,0.2977411003236246,0.34794871794871796,0.21659606854426455,0.34945054945054943,0.2147838465866102,0.2138943143033947,0.30443734043734044,1.5405594064027834,0.23804246810291496,0.30324280904280904,0.3188631664631664,0.19951794426209934,0.31347985347985347,0.18780622552051124,0.17227629513343795,0.2701098901098901,1.5431083366749583,0.24549917898823118,0.2773665445665445
49,5.285530483327525e-05,0.34307443365695794,0.22532885015851714,0.33980582524271846,0.21799044536908613,0.19412852519648635,0.29449838187702265,1.5420369831875305,0.23917635737895307,0.2985933117583603,0.36002197802197805,0.2264712263297305,0.3648351648351648,0.22743368600177266,0.21926547378140782,0.31704295704295704,1.5414648372873716,0.24713467832362146,0.31316499056499064,0.3513187627187628,0.21170473181179217,0.3646886446886447,0.2211033728176585,0.21212401883830456,0.31347985347985347,1.544520749369083,0.2351771615138756,0.30117997557997556
50,5.1285365209823e-05,0.343462783171521,0.21781866944068892,0.34951456310679613,0.21369086145785174,0.1879449838187702,0.3016181229773463,1.5412004189043753,0.23039753188313308,0.2977659115426105,0.3611282051282052,0.230265618769983,0.36923076923076925,0.2331800036022242,0.24010823331374143,0.32180796980796983,1.5394654877631218,0.2558307396280284,0.3148762422762423,0.36925299145299134,0.23659629287025558,0.3754578754578754,0.2310501561930133,0.21205075876504445,0.3231501831501831,1.5420288690348103,0.26598275325444876,0.32143711843711836
51,4.971463479017701e-05,0.34236245954692557,0.2257424892649025,0.3592233009708738,0.23424368511747157,0.22987055016181232,0.316504854368932,1.541415661206909,0.24622176803382242,0.299891046386192,0.35844688644688644,0.230723292031019,0.36923076923076925,0.2355304453972551,0.24366401518772154,0.32222577422577425,1.5424237254425721,0.26399729544225303,0.3128228541828542,0.34598941798941796,0.2088777558110069,0.3334798534798534,0.18473139558853843,0.1625170068027211,0.2867399267399267,1.542358333677619,0.24778106328136207,0.29752454212454216
52,4.814469516672476e-05,0.3412297734627832,0.22161280077224077,0.3592233009708738,0.22839070314798465,0.21442903374942207,0.31488673139158574,1.5414315905617277,0.2413648587070369,0.29709816612729234,0.36348717948717946,0.2296833065058093,0.36923076923076925,0.22773377271573828,0.2460512328495076,0.32121966921966927,1.5403996775176498,0.255628795593751,0.3162178162578162,0.3669798941798942,0.22070936336131655,0.38644688644688646,0.22821134421134417,0.20883882783882785,0.33304029304029303,1.5430168112141163,0.21812744829470065,0.31553894993895
53,4.6577127135588974e-05,0.3439805825242718,0.21964363205270776,0.34951456310679613,0.21689012174449065,0.18959778085991674,0.3016181229773463,1.5393841178517513,0.23137756843442456,0.29834196332254587,0.36065934065934063,0.22650664944185833,0.3758241758241758,0.23714926572940837,0.2687214335096105,0.3274174714174714,1.539139868400909,0.2661737896575533,0.3141844348244348,0.36741269841269847,0.22884623105957402,0.3642490842490843,0.2218981653267367,0.203265306122449,0.31304029304029307,1.542605511185208,0.25232994237474715,0.31580146520146524
54,4.501350910489997e-05,0.34181229773462785,0.2206851466581915,0.3592233009708738,0.22105521231734823,0.20603791030975496,0.3122977346278318,1.542701402590113,0.24385189502235663,0.2975490830636461,0.3631208791208791,0.23125361827342752,0.3758241758241758,0.23620322748841402,0.26726698425157713,0.3277851037851038,1.5420679001057105,0.2675880498967778,0.3166600288600288,0.358639886039886,0.22011147478193188,0.3554578754578755,0.2093228676085819,0.1839947671376243,0.30652014652014653,1.5449362255112737,0.25361379345909096,0.30988278388278384
55,4.345541550547239e-05,0.34265372168284786,0.22809809668719025,0.3592233009708738,0.2342436851174715,0.22987055016181226,0.31650485436893205,1.5408755082991517,0.24340468430823872,0.3000895361380798,0.3594725274725275,0.22911955577236293,0.3648351648351648,0.2302541271931403,0.23228805734760444,0.3175833055833056,1.539162845017709,0.2620538548713566,0.3131155821955822,0.35013683353683356,0.21393518532335506,0.35457875457875454,0.203140922569494,0.1733411826268969,0.3067399267399267,1.5426252212875298,0.23323406105402184,0.3023997557997558
56,4.190441520548695e-05,0.3437864077669903,0.22966917456763003,0.34951456310679613,0.22964093080597936,0.21160425335182614,0.3032362459546925,1.541591234299743,0.23648247847534112,0.2998079827400215,0.3697802197802198,0.24118718651138688,0.3648351648351648,0.23119788318287218,0.2142087267929898,0.31795804195804195,1.5394009874329897,0.2699680577474029,0.32305108669108673,0.3669520553520554,0.2355174556310793,0.3855677655677656,0.2514221334221334,0.23780743066457355,0.33663003663003666,1.545101185250816,0.2561623304272311,0.3198781440781441
57,4.036206993077308e-05,0.3431067961165049,0.2220519835665723,0.3300970873786408,0.21155802126675918,0.1854831252889505,0.2854368932038835,1.5413482080231207,0.23209586307518418,0.29757389428263215,0.3591575091575092,0.2283267768391382,0.3758241758241758,0.23745481767979346,0.2320424930772551,0.3283796203796204,1.5405656993956791,0.2669394001932238,0.31361905205905205,0.3592279202279202,0.21563306819635933,0.3752380952380952,0.21942831771403198,0.20712140240711666,0.31963369963369964,1.5423628618237253,0.24965017660445793,0.3031565323565324
58,3.882993269228334e-05,0.343495145631068,0.2206165729515715,0.3592233009708738,0.2199969178609955,0.19150485436893203,0.3087378640776699,1.541187180377133,0.23718856720325307,0.29817044228694717,0.36065934065934063,0.22972979417603845,0.367032967032967,0.2309440891506108,0.2457943770910804,0.31878610278610275,1.5401144668208813,0.261439162038634,0.31364851740851735,0.3733555555555556,0.23750323521205557,0.39655677655677657,0.25167752882038597,0.24443938601081452,0.34315018315018314,1.5425454776640486,0.27667492323784565,0.32381172161172156
59,3.7309546222343274e-05,0.34336569579288034,0.22228900247296268,0.3592233009708738,0.22431499460625676,0.19956541840036982,0.31229773462783167,1.5403117154408428,0.24101419175799632,0.2984228694714131,0.3545347985347985,0.22394035548646254,0.3516483516483517,0.21768630528094723,0.22684672779083903,0.30585814185814186,1.5392229611009032,0.27919506631417623,0.3088232271432272,0.362389824989825,0.2232888278077165,0.38446886446886447,0.23551362922791494,0.22165515436944006,0.3298901098901099,1.541641741318755,0.2557463657202184,0.31067887667887667
60,3.580244142125041e-05,0.3438511326860842,0.22626277376309697,0.3592233009708738,0.22690819428683506,0.22147942672214513,0.31391585760517793,1.5400833690050737,0.24654085170927162,0.3005814455231931,0.359978021978022,0.23324078463025757,0.36043956043956044,0.22705831541650245,0.2210789392498385,0.3151377511377511,1.538062211707398,0.23084955729002823,0.315354415954416,0.3591260887260887,0.2327873269291284,0.3864713064713065,0.2534528328814043,0.2475688121402407,0.3364102564102564,1.5417691385999654,0.23364447559733484,0.31159780219780214
61,3.431013581578763e-05,0.3429773462783172,0.22663040667318002,0.36893203883495146,0.2400411885848779,0.23190476190476192,0.3236245954692556,1.5416854136815734,0.24298234212003236,0.29952535059331176,0.36835164835164835,0.24213185575614618,0.378021978021978,0.24672665649594713,0.24593522218962946,0.3303225663225663,1.5394164934612455,0.2405870813046085,0.32172966440966444,0.36569035409035405,0.23163370530514055,0.3653479853479853,0.2279128807700236,0.20395970695970697,0.31304029304029307,1.544007463683275,0.2652212994069474,0.31579829059829057
62,3.283413203120235e-05,0.3419093851132686,0.22342642655368167,0.36893203883495146,0.24004118858487788,0.23190476190476192,0.3236245954692557,1.5415733203455853,0.24425310786075505,0.29821682847896436,0.36476923076923085,0.236325869856794,0.36923076923076925,0.23203757993927987,0.23589583904118439,0.32200688200688204,1.5397885840629046,0.24506913236964395,0.31867300107300106,0.3577129019129019,0.21658893655726552,0.3655677655677656,0.2094379905808477,0.1786739926739927,0.30989010989010995,1.5409634881445389,0.2337535802828753,0.3056087912087912
63,3.137591627819013e-05,0.3420064724919094,0.22121878007572734,0.3592233009708738,0.22455035794841618,0.20425797503467408,0.31229773462783167,1.5411818866359377,0.24266686419609226,0.29754908306364614,0.36615384615384616,0.23548647072871026,0.3824175824175824,0.2443990105488661,0.2516348223337906,0.3335033855033855,1.5402980312584957,0.27635819679253326,0.31929927405927405,0.34968384208384207,0.2208473412840383,0.3433699633699634,0.21137617937617934,0.1993223443223443,0.29663003663003656,1.5435875588568042,0.24215360917917386,0.30183467643467643
64,2.993695685640663e-05,0.3427508090614887,0.22467804866650998,0.33980582524271846,0.21799044536908613,0.19412852519648635,0.29449838187702265,1.541604818788547,0.23708198272386813,0.29806580366774543,0.36487912087912094,0.2339061931321212,0.37362637362637363,0.23652542724307232,0.2535154509366825,0.3246642246642247,1.5398244586707033,0.2575016863466133,0.3173196788396789,0.34735986975986977,0.21523727780877477,0.3646886446886447,0.21196276739133882,0.17646938775510204,0.31010989010989015,1.5436744965737654,0.24011532308317426,0.29695140415140414
65,2.8518702676014177e-05,0.34339805825242714,0.22298060779407416,0.34951456310679613,0.2181425909581249,0.20425797503467408,0.3051779935275081,1.5390745990407504,0.24266464064558563,0.2988478964401295,0.3691208791208791,0.2393084994090264,0.3758241758241758,0.2417865852573129,0.2720607360588216,0.3275133755133755,1.5420202652263992,0.2787600430608812,0.32182668886668886,0.35454570614570613,0.22863223173311323,0.35347985347985345,0.22332366046651758,0.21189063317634746,0.30336996336996336,1.540791854189468,0.26078963425273294,0.30550036630036637
66,2.7122581798752216e-05,0.3416504854368932,0.22172220472581256,0.3592233009708738,0.22839070314798468,0.2144290337494221,0.31488673139158574,1.5391999060899308,0.2432057322236401,0.29750485436893204,0.3593772893772894,0.23264683026413116,0.36923076923076925,0.2355556469881284,0.23699694183408573,0.3223265623265623,1.5397059203242207,0.2476393010060712,0.31408816812816814,0.37306202686202683,0.23199309320459788,0.37545787545787546,0.22532071103499673,0.20751909994767137,0.3231501831501831,1.5403635185983835,0.27272461788922076,0.32103345543345546
67,2.575000000000001e-05,0.343042071197411,0.22237265944033632,0.3592233009708738,0.22713823393435048,0.19976883957466474,0.3113268608414239,1.5395540075240397,0.2353997769392353,0.2977961165048543,0.36491575091575096,0.23637504648097607,0.35824175824175825,0.22964516351101563,0.22201542749229744,0.3116532356532356,1.5404939660397203,0.2887427425804372,0.31795641543641545,0.35022254782254786,0.22062395054490594,0.36446886446886445,0.22882653854082421,0.22501046572475145,0.31663003663003664,1.5434285614043952,0.23522947602531621,0.30286422466422463
68,2.440233935328013e-05,0.34278317152103566,0.22479749496487145,0.33980582524271846,0.21799044536908613,0.19412852519648638,0.29449838187702265,1.540125082858558,0.23838684303212102,0.2981445523193096,0.36083516483516487,0.23135981109297898,0.36043956043956044,0.22494706731105685,0.21351367044855804,0.313930957930958,1.5398577331011982,0.2233936416595687,0.3146289473489473,0.3679627187627188,0.23132104476695164,0.3743589743589743,0.22686691086691083,0.20053270538984821,0.3231501831501831,1.5435274359263296,0.2443168171086115,0.31730720390720396
69,2.3080956838627552e-05,0.3423624595469255,0.22096059469119902,0.3592233009708738,0.22247916053741296,0.19790106333795654,0.3122977346278318,1.5390398658826514,0.24062277296010695,0.2975447680690399,0.3664395604395605,0.23479681201175995,0.37362637362637363,0.23867606451514908,0.23668887873192124,0.3255873015873016,1.538462786691966,0.2533119901170338,0.3192308062308062,0.3650831094831095,0.22665465318183542,0.3855677655677655,0.23253838225266793,0.20975876504447935,0.32989010989010986,1.5413747487892986,0.26749370601477085,0.3133120879120879
70,2.1787182976225697e-05,0.34258899676375404,0.218797119008718,0.36893203883495146,0.22743524005659926,0.2082223763291724,0.3194174757281553,1.541099878993235,0.23822328628393993,0.2974789644012945,0.36630769230769233,0.22968727515587956,0.38461538461538464,0.23946617699829176,0.24222714861734354,0.3345023865023865,1.5407265766025025,0.259671253614921,0.31876612128612136,0.3719649165649166,0.23287564705554223,0.38556776556776556,0.24138750138750134,0.2271360544217687,0.3298901098901099,1.5427328084157745,0.25999822103850373,0.31957753357753355
71,2.0522320486685507e-05,0.34203883495145637,0.22180816586862892,0.3592233009708738,0.22713823393435045,0.19976883957466482,0.3113268608414239,1.5410481838886791,0.23677127719188393,0.29720172599784256,0.354029304029304,0.2196242694272315,0.35384615384615387,0.21497500530188132,0.20943091011760864,0.30724875124875123,1.5381143241400248,0.23521867301762986,0.30738437858437856,0.36672380952380956,0.2248079215831292,0.38666666666666666,0.23697201211486923,0.21388958660387228,0.3298901098901099,1.5436816720935356,0.2367208674051114,0.31339853479853474
72,1.9287642979316156e-05,0.34359223300970876,0.22206424021892585,0.3592233009708738,0.2232558595665392,0.1985251964863615,0.3122977346278318,1.5398834347802073,0.24194930899011782,0.2987734627831715,0.36353846153846153,0.23161880540951618,0.367032967032967,0.22787211458147866,0.2215841168072696,0.31920079920079925,1.5397436478723099,0.2968236065044245,0.31644134680134683,0.359248026048026,0.22536256379375322,0.37523809523809526,0.2351810728953586,0.20877341705913133,0.3263003663003663,1.542823371291481,0.25791701658309324,0.3131904761904762
73,1.8084393669708395e-05,0.34194174757281554,0.22374275228744198,0.3592233009708738,0.2288673139158576,0.20617660656495612,0.31488673139158574,1.5411856065367417,0.2390041947849117,0.2975264293419634,0.3667912087912088,0.23787633933869382,0.37142857142857144,0.2385088146366939,0.24548749879866602,0.3237930957930958,1.5415432912526112,0.2763753341480518,0.31979200799200797,0.37282385022385023,0.23576351999094972,0.41721611721611723,0.26832253460824884,0.24452328623757194,0.3627106227106227,1.5428427204123538,0.2735676874037934,0.32380317460317465
74,1.6913784127921965e-05,0.3431067961165049,0.22029829626125322,0.3592233009708738,0.22431499460625673,0.19956541840036982,0.31229773462783167,1.538949451369375,0.23723773339929577,0.29792772384034527,0.3678534798534799,0.2352092791442259,0.3802197802197802,0.24350900116935056,0.24411393629338773,0.3311896991896992,1.538343397130023,0.2816685833655028,0.3203251948051948,0.35359552299552305,0.22181564500542547,0.37435897435897436,0.22995683681397966,0.21619727891156462,0.32315018315018323,1.5407531014181997,0.27536329849458924,0.30603272283272287
75,1.577699305853709e-05,0.34174757281553403,0.22389298962170162,0.33980582524271846,0.21799044536908616,0.19412852519648635,0.29449838187702265,1.5395881241424956,0.23529365618933357,0.297269687162891,0.36958241758241756,0.23992816737641465,0.37362637362637363,0.23741988972953604,0.2293691163087697,0.32516772116772114,1.538784775961013,0.26975279234113403,0.3218614126614127,0.3715447293447294,0.233037311907188,0.38468864468864467,0.2340803323660466,0.2183657770800628,0.33010989010989017,1.5414003991579979,0.2653180068288013,0.3200354090354091
76,1.4675165113799028e-05,0.3427184466019418,0.22268915847462922,0.3592233009708738,0.22713823393435045,0.19976883957466482,0.3113268608414239,1.5401192724203214,0.2392133995019326,0.29792448759439055,0.3665787545787546,0.236091123761185,0.37142857142857144,0.23713385127050846,0.23356458667765034,0.3236132756132756,1.5391855005641557,0.24964383083063676,0.3195546927146927,0.3627268213268213,0.23250828500307563,0.3754578754578754,0.23903848532419958,0.2236289900575615,0.3231501831501831,1.5411077559268131,0.2498071915304023,0.3135484737484737
77,1.3609409741050145e-05,0.34297734627831716,0.22331360244136791,0.34951456310679613,0.22144244105409155,0.196208969024503,0.3042071197411003,1.5389443797972595,0.23918058702474784,0.29819956850053936,0.3692600732600732,0.2394879886681638,0.378021978021978,0.24324981417717711,0.24109057628004785,0.3288040848040848,1.5405571874681412,0.27713833787342185,0.32132886964886964,0.36860431420431417,0.23032346063441356,0.37545787545787546,0.22987869273583558,0.20925850340136054,0.3231501831501831,1.5408251650305265,0.25082021719640335,0.3183477411477411
78,1.2580800065610596e-05,0.3422006472491909,0.22244109995583086,0.3592233009708738,0.22713823393435045,0.19976883957466482,0.31132686084142397,1.5400505997370748,0.23864035640091222,0.2974422869471413,0.3704249084249084,0.2393954232840628,0.3802197802197802,0.2444815842069849,0.2365301362849103,0.33096192696192694,1.539541470995753,0.27259237358044514,0.32255035335035337,0.36870370370370376,0.23305464707419685,0.3864468864468864,0.23960832817975675,0.22408110936682366,0.333040293040293,1.5412458499598707,0.2484569079433571,0.3186471306471307
79,1.1590371810232031e-05,0.34275080906148864,0.22332359727330958,0.3592233009708738,0.22886731391585757,0.20617660656495604,0.3148867313915858,1.539890491260294,0.2411448874168232,0.298252427184466,0.36652014652014653,0.23437767331642329,0.378021978021978,0.24159397602372817,0.2423327404056702,0.32917171717171717,1.5395643155129404,0.23016007555336163,0.31933292041292044,0.3659124135124135,0.2299168629761605,0.3745787545787546,0.23015777872920729,0.2077252747252747,0.32,1.5414695412699073,0.2312993461503998,0.31407619047619045
80,1.0639122252212598e-05,0.34220064724919097,0.22022895896515296,0.3592233009708738,0.22353829557713054,0.19894128525196483,0.3122977346278318,1.5396124458621618,0.23620856665819093,0.2973603020496225,0.36745787545787545,0.23510997501991637,0.37142857142857144,0.23513602475175066,0.23355793120800258,0.32337751137751136,1.5386995471528162,0.27356716433507433,0.3200671669071669,0.35837891737891736,0.2205277397441324,0.37457875457875467,0.2262488305345448,0.2083846153846154,0.32000000000000006,1.540313801233915,0.25377671697761545,0.3072363858363858
81,9.728009219223284e-06,0.34310679611650496,0.22587057701372457,0.36893203883495146,0.23945866431303325,0.22261211280628757,0.3236245954692557,1.5398927675327436,0.24351838386742666,0.29915749730312835,0.3697875457875458,0.24173035970738385,0.37362637362637363,0.2408415601865259,0.24206862029311416,0.32590298590298583,1.5390132861259658,0.23938913231553427,0.32256322344322336,0.38263353683353685,0.23905532428789236,0.4075457875457876,0.25865734265734264,0.2366473050758765,0.3496703296703297,1.540735219774646,0.2535017604645228,0.32953894993894994
82,8.85795012485653e-06,0.34323624595469254,0.22457495469534933,0.34951456310679613,0.22144244105409153,0.196208969024503,0.3042071197411003,1.5384815005114163,0.2406393725138091,0.2985652642934197,0.3692820512820512,0.2389822792143805,0.378021978021978,0.24310523334675935,0.23967564414891412,0.32912376512376507,1.5399503428944739,0.23250075998164402,0.32151585007585004,0.37035921855921855,0.2322871531452912,0.38556776556776556,0.23212533498247778,0.20771794871794869,0.32989010989010986,1.5413364188538563,0.2459167333334906,0.3187015873015873
83,8.029821044868634e-06,0.34249190938511326,0.22204334411085294,0.36893203883495146,0.2345631067961165,0.20973647711511792,0.32200647249190933,1.5388208152715444,0.24021003837415453,0.29771736785329017,0.36471794871794877,0.2333391149239171,0.36923076923076925,0.23518858183340552,0.23646761283878087,0.3213555333555334,1.5410907767893194,0.2511676267253956,0.3175470381470381,0.3626585266585267,0.22486065972580122,0.3644688644688645,0.22478118706690134,0.21099790685504968,0.3132600732600733,1.5410209710968477,0.23962694412214502,0.3124256410256411
84,7.244455835045646e-06,0.3436893203883496,0.22361492020150525,0.3592233009708738,0.2271382339343504,0.19976883957466482,0.3113268608414239,1.5395477270385594,0.23870561670733878,0.29868608414239484,0.36957509157509155,0.23783742784973883,0.378021978021978,0.23965915544136165,0.23076355590509043,0.32899500499500506,1.5407696542984404,0.23437968791998162,0.3218085144485145,0.36977004477004477,0.23047021141692922,0.3855677655677655,0.23743808572379999,0.22008738880167453,0.3298901098901099,1.5416082072700872,0.25838813872557753,0.3173934065934066
85,6.502645291581294e-06,0.3427508090614887,0.2228310759986049,0.3592233009708738,0.2271382339343504,0.19976883957466482,0.3113268608414239,1.5394837235324208,0.23855528974491566,0.29787162891046387,0.3648131868131868,0.23554717755759746,0.37142857142857144,0.24021300916007554,0.236957052150538,0.3236971916971917,1.5390866991015142,0.2539112930356189,0.3175907396307396,0.36762393162393164,0.2282201020636512,0.37457875457875467,0.23187415758844326,0.21850811093668232,0.32336996336996343,1.5422681117548027,0.25595468782254016,0.31650866910866904
86,5.805136354812257e-06,0.3414239482200648,0.22141758742110507,0.36893203883495146,0.2345631067961165,0.20973647711511792,0.32200647249190933,1.5399384086726169,0.2372861257081659,0.29678317152103556,0.3700586080586081,0.23897735189030045,0.3758241758241758,0.23978468657872626,0.23216909662948748,0.32741747141747135,1.5421112020723111,0.25531978884826206,0.32263736559736556,0.3672967846967847,0.23137763496941963,0.36446886446886445,0.21891898577612862,0.19864311878597593,0.31326007326007327,1.5414048806440845,0.24477105885750491,0.3172400488400488
87,5.152631357112554e-06,0.3418770226537217,0.22207412597140105,0.36893203883495146,0.2345631067961165,0.2097364771151179,0.32200647249190933,1.5402572270273005,0.2402711933849207,0.29730204962243795,0.3698827838827839,0.23758353414826788,0.389010989010989,0.25056971932241084,0.24670168421968816,0.33905783105783105,1.5410946999888715,0.23577180820258953,0.3221707892107892,0.3713712657712657,0.2308688803714089,0.3855677655677655,0.23109969395683677,0.20706593406593407,0.32989010989010986,1.541831725193671,0.24358706508250708,0.3194407814407814
88,4.545787315704408e-06,0.3423624595469255,0.22201947303358666,0.34951456310679613,0.21678336765715406,0.19434119278779474,0.3051779935275081,1.5388500898941435,0.24107970822324404,0.2979126213592233,0.3646080586080586,0.23300827892098555,0.3648351648351648,0.23199675932537497,0.2306639213886297,0.3174434454434455,1.5419559831060332,0.2537002388422426,0.31746161838161835,0.3716608058608058,0.2322136013472565,0.3855677655677655,0.23449058877630302,0.21003296703296703,0.32989010989010986,1.540782387864498,0.24153514951349989,0.3189394383394384
89,3.985215271097538e-06,0.34313915857605176,0.22592742360888937,0.36893203883495146,0.2405177993527508,0.2236523347202959,0.3236245954692556,1.540083711571678,0.24264653605465514,0.29889967637540454,0.3716190476190475,0.24207517156952704,0.3824175824175824,0.24666995437049932,0.2399144406317982,0.3336312576312576,1.5399879902011744,0.25443992086421596,0.3243340540940541,0.37798168498168494,0.23852979647574152,0.38556776556776556,0.23216859331145043,0.20966143380429092,0.3298901098901099,1.541798542361013,0.24130398325142421,0.3271096459096459
90,3.471479671823207e-06,0.3432686084142395,0.22354225728777652,0.3592233009708738,0.22886731391585766,0.20617660656495604,0.31488673139158574,1.5395828772517084,0.24274984220366572,0.29866666666666664,0.3646446886446887,0.23530430795964255,0.36923076923076925,0.23648404415158703,0.23751016542306896,0.32213875013875015,1.5393296979198527,0.2515623393296902,0.31808299700299697,0.37314652014652017,0.23609083572815115,0.3862271062271062,0.24717130488559058,0.23154578754578756,0.3361904761904762,1.5425210981218418,0.2331502455107207,0.32401489621489626
91,3.0050978060823855e-06,0.3420064724919094,0.2228456643949477,0.34951456310679613,0.22144244105409158,0.196208969024503,0.3042071197411003,1.5392052664803069,0.23857517647398793,0.29747249190938513,0.3713992673992674,0.2410427462235308,0.378021978021978,0.24433935039032154,0.2411101297371715,0.32944744144744137,1.539173514869187,0.2527740884410116,0.3238715121915122,0.3665040293040293,0.23040767563630657,0.37413919413919416,0.23147132232846518,0.2093375196232339,0.3263003663003663,1.5421331576151338,0.2601461861127065,0.31726886446886443
92,2.586539280880366e-06,0.34245954692556635,0.22182325304657607,0.3592233009708738,0.22353829557713056,0.19894128525196483,0.3122977346278318,1.538979549407959,0.24200034041846816,0.2978252427184467,0.36876923076923074,0.23745496737180394,0.3802197802197802,0.2417420028054555,0.23390822482839285,0.33169319569319566,1.5404030852964072,0.25113395867263155,0.3218251763051763,0.379570695970696,0.2367761940203571,0.39655677655677657,0.24452861424289993,0.2273506017791732,0.3397802197802198,1.5413417831895213,0.23918940960128468,0.3274893772893773
93,2.216225549172351e-06,0.34300970873786407,0.2244331215256776,0.34951456310679613,0.22144244105409153,0.19620896902450297,0.3042071197411003,1.539249265448561,0.24132770057744013,0.298378640776699,0.36789743589743584,0.23784441396594547,0.3802197802197802,0.24254811772320709,0.23496177352059702,0.33169319569319566,1.5361898487042158,0.24881526454859862,0.3210788840788841,0.3667419617419617,0.2291201712923272,0.3642490842490843,0.2270757179328608,0.2128697017268446,0.31641025641025644,1.5431678519918512,0.2490520921684677,0.31756214896214896
94,1.8945294854960182e-06,0.34262135922330095,0.22375407469507866,0.34951456310679613,0.22144244105409155,0.196208969024503,0.3042071197411003,1.538628402882795,0.2395956367583861,0.29795253505933117,0.3667912087912089,0.23588289720501215,0.36923076923076925,0.23634806469452066,0.23026922684635848,0.321994893994894,1.5398910246838577,0.22718357963171146,0.31991380175380174,0.3654367928367928,0.22796141564363648,0.3844688644688644,0.23477411477411475,0.21236420722135008,0.32989010989010986,1.5421380232309874,0.24340960317629243,0.3155452991452992
95,1.621775010518483e-06,0.3411974110032362,0.22108141258239297,0.34951456310679613,0.21814259095812494,0.20425797503467405,0.3051779935275081,1.5401628723730934,0.24440280232281755,0.29716720604099245,0.3665787545787545,0.23666935352010296,0.378021978021978,0.2421977016129365,0.23558481179419047,0.3304024864024864,1.5411302181565283,0.23341920793255788,0.3203110755910756,0.36778852258852257,0.22944149816515733,0.37545787545787546,0.22494724323295748,0.20325850340136054,0.3231501831501831,1.5430118281518534,0.23308434727989857,0.3183667887667888
96,1.3982367648756304e-06,0.34317152103559867,0.2235359161776874,0.3592233009708738,0.22780817887614005,0.20513638465094775,0.31488673139158574,1.5394057810267971,0.24362540332623597,0.2986850053937432,0.3683663003663004,0.23768355453351964,0.378021978021978,0.2416287033278318,0.23614542807215794,0.3298150738150739,1.540757030165676,0.25165277224860044,0.3216264239464239,0.3741518925518926,0.234613080754949,0.39633699633699637,0.24778440607012037,0.22574672946101518,0.342930402930403,1.5424611677769098,0.24282952964810475,0.32370476190476194
97,1.2241398326323128e-06,0.342168284789644,0.2234717512036666,0.3592233009708738,0.22703147984701383,0.20451225150254276,0.3148867313915858,1.5402786389600884,0.2428408694144052,0.2978845738942827,0.3685494505494506,0.23774499701206847,0.3802197802197802,0.24297842891412189,0.23436973009670034,0.3321966921966922,1.5392329709433812,0.22918358221986368,0.3219624005624005,0.3704775742775743,0.23062152981974798,0.3954578754578755,0.23527786499215067,0.2025075876504448,0.3397802197802198,1.5433355263117323,0.24044945831688186,0.32089597069597076
98,1.0996595146417258e-06,0.34213592233009704,0.22116725833480702,0.34951456310679613,0.2181425909581249,0.20425797503467408,0.3051779935275081,1.539246429039051,0.24277376439865664,0.2977357065803667,0.367076923076923,0.23659657717571703,0.36923076923076925,0.23693641311813263,0.23235872233513433,0.32264224664224667,1.5378083618743954,0.23222123166353567,0.32078207570207573,0.36502433862433864,0.2245958849324088,0.34249084249084244,0.19825964511678792,0.17815646258503398,0.2934798534798535,1.5419082979064866,0.2234082698040063,0.3157533577533577
99,1.0249211520323387e-06,0.34181229773462785,0.2214920967630042,0.34951456310679613,0.21901175415738522,0.20667360147942673,0.3051779935275081,1.5388511636573519,0.24499865399402668,0.29772815533980584,0.364952380952381,0.23553555476035598,0.37142857142857144,0.23672315211819117,0.22948346916942675,0.32434454434454435,1.540479943638756,0.25198348736656984,0.3187909542309542,0.3722513634513634,0.23215656593034023,0.37545787545787546,0.22494724323295748,0.20325850340136054,0.3231501831501831,1.541468007562798,0.23597446030501726,0.3217997557997558
100,1e-06,0.34368932038834943,0.22541612742429748,0.36893203883495146,0.24051779935275078,0.22365233472029591,0.3236245954692557,1.539161593628547,0.2418041071440538,0.2990625674217907,0.37355311355311355,0.24239466633056445,0.3802197802197802,0.2422782867690799,0.23342041942222436,0.33150937950937953,1.540394037651928,0.2545416523204259,0.32604986124986124,0.3650336996336997,0.22708848380940128,0.37435897435897436,0.22580498866213147,0.19849921507064364,0.32315018315018323,1.5440760311749295,0.22040352325860538,0.31544102564102566
