round,test_accuracy,test_f1,test_image_accuracy,test_image_f1,test_image_precision,test_image_recall,test_loss,test_precision,test_recall,train_accuracy,train_f1,train_image_accuracy,train_image_f1,train_image_precision,train_image_recall,train_loss,train_precision,train_recall,val_accuracy,val_f1,val_image_accuracy,val_image_f1,val_image_precision,val_image_recall,val_loss,val_precision,val_recall
1,0.43625242718446605,0.36463648947869814,0.47572815533980584,0.36674988441978723,0.36084142394822005,0.4284789644012945,1.314052003883621,0.4191372356113964,0.40469902912621364,0.9090520146520146,0.9076331606215804,0.9736263736263736,0.9748163782750248,0.9787548861395017,0.9751297591297591,0.30647291443010244,0.9150146643998731,0.9073472514152514,0.5065616605616605,0.4664330852123984,0.5247374847374847,0.4626164311878598,0.45867399267399267,0.5191208791208791,2.107633380105777,0.5095353445318046,0.4999416361416361
2,0.5616504854368932,0.5231807587646422,0.5728155339805825,0.5239852057327785,0.5457928802588996,0.5511326860841423,1.254692557237548,0.5529343391553159,0.540764185544768,0.9389538461538462,0.9383674861952511,0.9912087912087912,0.9904335289413368,0.9916062984634413,0.9906080586080586,0.18259407346094342,0.9416152389292383,0.93872357005957,0.5225907041107042,0.47225703274270747,0.5445177045177044,0.4642846677132391,0.4455677655677656,0.5356043956043957,2.333186232004538,0.507647260643297,0.5108231013431014
3,0.6180388349514563,0.5805701652776536,0.6796116504854369,0.6134720295885345,0.6156957928802589,0.6530744336569579,1.1362083083427237,0.6063695540855861,0.5979829557713053,0.9435311355311355,0.943590568051273,0.9868131868131869,0.9875279342506234,0.9884515484515485,0.9883116883116884,0.13459454510227228,0.9479507173760066,0.94484414985015,0.5107138787138787,0.46361504134970716,0.5445177045177045,0.47436734693877547,0.45696703296703295,0.5389010989010989,2.552542163441287,0.4935521917318246,0.4972
4,0.6094239482200648,0.5768951361646636,0.6213592233009708,0.5771243643088303,0.5859223300970874,0.6035598705501618,1.1962384210617845,0.6015053166023436,0.5919262135922331,0.9719941391941391,0.9711482582463473,0.9978021978021978,0.9971989914847057,0.9981618381618382,0.9966300366300366,0.10893759247584221,0.9724767357207568,0.9704850595330596,0.5226877655677655,0.4835503415717787,0.5836141636141635,0.5132537938252224,0.489084249084249,0.5824175824175825,2.5927485451938113,0.5165345985679528,0.5157022222222222
5,0.6444271844660193,0.6105539923090543,0.6893203883495146,0.6389089227924178,0.671359223300971,0.6572815533980582,1.0794417287438345,0.6412855987635144,0.6232787486515641,0.9637934065934066,0.9635477883633315,1.0,1.0,1.0,1.0,0.09369381442398597,0.9669148705255384,0.96259932001332,0.5079264306064305,0.45475886968916635,0.5768498168498168,0.5052684458398744,0.5056703296703297,0.559047619047619,2.7540244955981357,0.4789233091437779,0.491810354090354
6,0.6615210355987055,0.6247832482328766,0.7184466019417476,0.6707720758206194,0.707346278317152,0.6925566343042071,1.0482216020922075,0.6535343713198254,0.6389337648327938,0.9756131868131868,0.9752661235047706,0.9978021978021978,0.9977953934610281,0.9978021978021978,0.9980219780219781,0.08259854460668652,0.9762083103514053,0.9752362406482407,0.5186693854293855,0.4706069662201396,0.5209768009768009,0.4553197278911565,0.4431062271062272,0.5186813186813187,2.6254345718956293,0.49372040888183005,0.5081876434676433
7,0.6330032362459548,0.6034675273335545,0.6990291262135923,0.663726306056403,0.6923948220064725,0.6822006472491909,1.1626559129100646,0.6325356257046205,0.6152418554476806,0.9670168498168498,0.9669542479220824,0.9956043956043956,0.9961750530171583,0.9965168165168166,0.9961838161838162,0.07382495347520973,0.9678685566997377,0.967547694823695,0.5361553113553114,0.49286046489132307,0.564078144078144,0.4902501308215594,0.47882051282051286,0.5596336996336996,2.527015468035762,0.5277822476871349,0.5282882051282051
8,0.6238511326860843,0.5918447237415746,0.6699029126213593,0.6370596393897364,0.6674757281553398,0.6546925566343043,1.1928028518840514,0.6222182551766905,0.6057527508090613,0.9402725274725275,0.9396864865889679,0.9692307692307692,0.9690843176790171,0.9757655677655678,0.9709561549561551,0.06729932848014783,0.9476305610165168,0.9416143120583119,0.5396453724053724,0.48074979584271643,0.5724297924297923,0.4788759811616954,0.45995604395604395,0.559047619047619,2.6097959194241023,0.5188116568147545,0.5226081562881564
9,0.6522847896440129,0.618145048952753,0.7378640776699029,0.7018215441516411,0.7296116504854369,0.7194174757281553,1.185480853019779,0.6429841748257189,0.6323618122977347,0.9763970695970696,0.9763936450802505,0.9956043956043956,0.9950705935668341,0.995956043956044,0.9947918747918748,0.06180235782373009,0.9766161016207758,0.9771777125837127,0.4944184615384616,0.44875187480461803,0.49018315018315023,0.42094191522762947,0.41658608058608054,0.48234432234432234,3.2542043002895538,0.47160991988264894,0.48521074481074483
10,0.6401100323624594,0.6088294721765276,0.6990291262135923,0.6607212205270457,0.693042071197411,0.6770226537216829,1.1917322527127905,0.6340132198036929,0.6214957928802589,0.9784761904761904,0.9790790656330897,0.9978021978021978,0.9979314802844215,0.9983150183150183,0.9977533577533577,0.05723776659224823,0.9793809289259565,0.9794574316054315,0.5292842979242979,0.4830769040029523,0.5847374847374847,0.5131135531135532,0.4991208791208791,0.5756776556776557,2.8542932758283293,0.4988951482445798,0.5189437851037851
11,0.6609061488673138,0.6271671805253247,0.7281553398058253,0.686629680998613,0.7309708737864077,0.7032362459546926,1.1193272110969308,0.6516365290685472,0.6398228694714131,0.9774183150183151,0.9772252628459527,0.9934065934065934,0.9928100974271388,0.993956043956044,0.9922527472527473,0.05489350631178308,0.9773464904023004,0.9775109919709921,0.5404306389906389,0.49741615042059123,0.5757264957264958,0.5105494505494507,0.48823443223443225,0.5790476190476191,2.7745359826003395,0.525526510315313,0.5293076434676435
12,0.6571585760517799,0.6246687789513798,0.7475728155339806,0.7060471567267683,0.7432686084142396,0.7226537216828478,1.2089500189267635,0.6522404103713569,0.6367950377562027,0.9747736263736265,0.9746121924526172,0.9912087912087912,0.990581508716847,0.9926873126873127,0.9903456543456544,0.05204937653944478,0.9757614747466523,0.9752996214896215,0.5306361741961741,0.47863677872827165,0.5658363858363857,0.47888435374149657,0.4554871794871794,0.559047619047619,3.0945977361514547,0.5081578714307535,0.5184825885225886
13,0.6537087378640778,0.6242528437020278,0.7184466019417476,0.6830513176144244,0.7140776699029124,0.696440129449838,1.1502303712523054,0.647978966327629,0.6347536138079828,0.9731501831501832,0.9734549979111522,0.9956043956043956,0.9959348921754937,0.9962237762237763,0.9960439560439561,0.047902038572481195,0.9739191139972898,0.9740690831390831,0.5501136182336183,0.5045670384248322,0.5847374847374847,0.5144259549973836,0.5067692307692307,0.5756776556776557,2.5952918136544683,0.5364546710944176,0.5359976556776557
14,0.6699870550161812,0.6370011890965573,0.7184466019417476,0.6820619509939898,0.7332362459546925,0.698705501618123,1.1178658851124763,0.6526950902833994,0.6506280474649406,0.9858432234432234,0.9861896573139548,1.0,1.0,1.0,1.0,0.04598903976172045,0.986322572966145,0.9864988433048432,0.5455076923076922,0.49957429074462584,0.6179487179487179,0.5336787022501308,0.5235457875457875,0.5956776556776556,2.997740420670424,0.5213621084317708,0.5359366056166055
15,0.6748155339805825,0.6430085119470247,0.7281553398058253,0.6944706426259823,0.7257281553398058,0.7077669902912622,1.1227772379716903,0.6692856726373679,0.6538256742179072,0.9881728937728939,0.9877611785232648,0.9978021978021978,0.9978213091256569,0.9983516483516484,0.9975274725274725,0.04374124413466715,0.9875324024439806,0.9882907453287454,0.5279449898249898,0.47387225669398386,0.5353113553113553,0.43606488749345895,0.4136556776556777,0.5097435897435898,3.0502299017743506,0.49589684233737835,0.5117228815628816
16,0.6672880258899677,0.637139841650445,0.7184466019417476,0.6810078594544614,0.71084142394822,0.7,1.1591114952137298,0.6557322488865004,0.6494651564185545,0.9858168498168497,0.9856414458596844,1.0,1.0,1.0,1.0,0.03994636094313846,0.9856887037680084,0.9860213774373774,0.5267030525030525,0.4757796468428039,0.5614407814407815,0.4823819989534275,0.46991208791208794,0.5457875457875458,3.1382077623379665,0.5020904284454821,0.5136197313797314
17,0.6663948220064726,0.6349502767085282,0.7378640776699029,0.7004253351826167,0.7302588996763755,0.7194174757281553,1.1975407672811602,0.6576032554899488,0.6473477885652643,0.9855076923076923,0.9855683965984378,0.9978021978021978,0.9980989262453793,0.9983516483516484,0.9980219780219781,0.03822324603573807,0.9853745161282058,0.9860449805749805,0.5588421326821327,0.5130861710838722,0.626935286935287,0.5665494505494506,0.5624175824175824,0.6224908424908425,2.9974814798353635,0.5514016091566201,0.547680879120879
18,0.6720129449838187,0.6435316110927948,0.7184466019417476,0.6868978270920018,0.7195792880258899,0.7016181229773463,1.1186561897986675,0.662731046066642,0.6547984897518878,0.9814695970695968,0.9817269024140656,0.9978021978021978,0.9980566801619434,0.9983150183150183,0.9979780219780221,0.03975841459902162,0.981440204344562,0.9825192534872536,0.5501152787952788,0.501031505285819,0.6056166056166056,0.5330989010989011,0.520065934065934,0.5955311355311356,2.85668981947871,0.5193194874781697,0.5368976312576313
19,0.6542394822006473,0.6290686591917319,0.7184466019417476,0.6773370319001388,0.7050809061488673,0.6970873786407766,1.2376520187951967,0.6584415161231384,0.6399764832793959,0.9873201465201464,0.9870667177218708,0.9978021978021978,0.9978716020821284,0.9979780219780221,0.9979780219780221,0.036871325649981766,0.9879385194869211,0.9871181186961187,0.557921107041107,0.5140781546635803,0.5737240537240538,0.5146373626373626,0.526007326007326,0.569084249084249,2.854685148133163,0.5473564365889428,0.5477759218559218
20,0.6719676375404531,0.6406645520304302,0.7669902912621359,0.7311234396671289,0.7597734627831715,0.7466019417475728,1.2050773811415851,0.6625986186156421,0.6539844660194175,0.9851003663003662,0.9853245350713686,0.9956043956043956,0.9958520736229715,0.9961172161172162,0.996,0.03596739849833753,0.9857340912209002,0.9854873275613275,0.5544755555555555,0.5079638296489879,0.6047619047619048,0.5337435897435898,0.5258608058608059,0.5957509157509158,3.1376853988685256,0.5377780388170249,0.5456192918192918
21,0.6596310679611651,0.6292422273654676,0.7378640776699029,0.6975034674063799,0.7361488673139157,0.7155339805825243,1.2181728905562543,0.6589978809858604,0.6422075512405611,0.9847399267399268,0.9847430548456274,1.0,1.0,1.0,1.0,0.03403331206816331,0.9844783846610072,0.9854867895067895,0.5585488319088319,0.5178498931176732,0.564981684981685,0.5137142857142857,0.5288937728937728,0.576043956043956,3.0837367960951876,0.5466046304221311,0.5566390231990231
22,0.6754110032362458,0.644458725054072,0.7087378640776699,0.6725658807212204,0.7037216828478963,0.6893203883495146,1.1455116268156453,0.667687824603787,0.6559482200647249,0.9904981684981686,0.9906545634091982,0.9978021978021978,0.9980743066457353,0.9981618381618381,0.9981618381618381,0.03178966317353122,0.9906697325142387,0.9909079544159544,0.5469633374033374,0.4966493137198244,0.5652014652014651,0.4902061747776034,0.4807619047619048,0.5561172161172161,2.9051908440236147,0.5334958003148325,0.5347774358974359
23,0.6748220064724918,0.6450298158087667,0.7087378640776699,0.6760240406842348,0.7072815533980582,0.6893203883495146,1.1172790600853821,0.6600911955261038,0.656809061488673,0.9886783882783884,0.988461177269957,1.0,1.0,1.0,1.0,0.033840139345306865,0.9883333978888903,0.9888151066711067,0.5375711192511192,0.491237581921975,0.5847374847374847,0.5121883830455258,0.5153406593406594,0.5691575091575092,2.9646771498899867,0.5251225065673315,0.5251161904761905
24,0.6601100323624597,0.6315676646259404,0.7184466019417476,0.6822746185852981,0.7134304207119742,0.6990291262135923,1.2121415180298165,0.6482832140932417,0.6426940668824164,0.9928703296703296,0.9930941337022631,1.0,1.0,1.0,1.0,0.032012346721170135,0.99317405749526,0.9930927039627039,0.5520992104192104,0.49975668940958806,0.5948473748473748,0.5152171637885923,0.4969523809523809,0.5891575091575092,2.9688869115772127,0.521180804459832,0.5397587301587302
25,0.6556569579288026,0.6257027833493959,0.7378640776699029,0.6973092926490984,0.7345307443365694,0.713915857605178,1.3059942266302802,0.6472524823498291,0.6377622437971953,0.9784468864468863,0.9788620715052523,0.9912087912087912,0.9916411584876866,0.9927405927405927,0.992043956043956,0.028738149828939914,0.9807900937099071,0.9790075762755762,0.534457094017094,0.48424993057713495,0.5871794871794871,0.506742019884877,0.49050549450549447,0.5725274725274725,3.2212634540550287,0.5203389298598429,0.5183685958485958
26,0.6515987055016181,0.6216582453053091,0.7184466019417476,0.682274618585298,0.7134304207119742,0.6990291262135923,1.3462568373952635,0.6459261282556752,0.6329458468176915,0.9929978021978021,0.9931895352407706,1.0,1.0,1.0,1.0,0.02870831400634987,0.9931889127104466,0.9933116191216191,0.5629716076516077,0.5198428817388907,0.5836385836385836,0.5065871271585557,0.49523076923076925,0.5726007326007325,3.015317629673662,0.560214570019174,0.5513796336996337
27,0.6679676375404531,0.6418923864224705,0.7184466019417476,0.682884882108183,0.7189320388349514,0.7016181229773463,1.1920465045621933,0.6598188992613109,0.6527734627831716,0.9883326007326009,0.9885630897618801,0.9956043956043956,0.9958124140344397,0.996003996003996,0.9960439560439561,0.028928069438192865,0.9884138762257825,0.9890468598068597,0.5509564183964184,0.511385369970722,0.593992673992674,0.5356860282574568,0.5144615384615384,0.596117216117216,2.760409703215583,0.5328688104336781,0.5428220757020757
28,0.6564142394822007,0.6281429279244835,0.7281553398058253,0.6908183079056864,0.7205501618122978,0.7061488673139159,1.3297593075330174,0.652233733333898,0.6381292340884575,0.9888131868131869,0.9886482176084913,1.0,1.0,1.0,1.0,0.028962798539696372,0.9887335458449267,0.9888219452399454,0.536198485958486,0.4894875749774938,0.5847374847374847,0.5256996336996337,0.5372893772893773,0.5757509157509156,3.3324470570903113,0.49932074620803574,0.5226431746031746
29,0.653883495145631,0.6242487665063329,0.7281553398058253,0.6949699491447063,0.7216828478964402,0.7087378640776699,1.3283673286062971,0.6507826901016834,0.6346040992448759,0.9792908424908425,0.9803725442178226,0.9934065934065934,0.994120165548737,0.9949050949050949,0.9942457542457542,0.027541659546170553,0.9811038593181548,0.9808262343582344,0.5477276516076516,0.4992165043170029,0.5742124542124541,0.5135928833071689,0.5093772893772894,0.5698168498168498,3.1155929477844166,0.5415359489765589,0.5345907692307693
30,0.652304207119741,0.6246810827586164,0.7378640776699029,0.7007119741100324,0.7313915857605178,0.7148867313915859,1.3022577006440554,0.6504806141974099,0.6370787486515642,0.9595765567765568,0.9599574203928397,0.9824175824175824,0.982783905105002,0.9898760063465946,0.9820912420912421,0.02574861917804906,0.9663954772444008,0.960325938061938,0.5522541147741148,0.5063826584485227,0.575970695970696,0.5013542647828363,0.49714285714285716,0.569084249084249,3.4370863149687767,0.5397581542778122,0.5425504273504274
31,0.6490097087378641,0.6189423246807411,0.6990291262135923,0.6600832177531207,0.6894822006472492,0.6786407766990292,1.365856875035008,0.6430473222138193,0.6313216828478965,0.993425641025641,0.9934703702651617,1.0,1.0,1.0,1.0,0.02661376677518904,0.9936006819702605,0.9934620507640507,0.5767852014652015,0.5273659572673209,0.6157264957264957,0.5329167974882261,0.5066959706959706,0.6055677655677655,3.0200496206288943,0.5552416571796757,0.5623152625152625
32,0.6592491909385113,0.6304451732952224,0.7475728155339806,0.7066944059177069,0.7455339805825243,0.7252427184466018,1.2540740760555853,0.6533837571792508,0.6438487594390506,0.9933831501831502,0.9935766615964111,1.0,1.0,1.0,1.0,0.02800257425280703,0.9936744841149019,0.9935619159359161,0.5377985347985348,0.49401610773145554,0.5449572649572649,0.4724793301936159,0.4755311355311356,0.5326739926739927,3.400985392280103,0.526807025727798,0.5307484737484737
33,0.6512686084142395,0.6215592967818352,0.7281553398058253,0.6896162736939436,0.7278317152103561,0.7061488673139159,1.321174446958443,0.6515032076176072,0.634228910463862,0.9911868131868132,0.99118269348466,0.9978021978021978,0.9978477544864099,0.9977533577533577,0.9981618381618382,0.024295013496911228,0.9911446662333059,0.9915133205313206,0.5711887342287343,0.522017886359918,0.6480341880341879,0.5891282051282052,0.599047619047619,0.6458608058608059,2.990299907613625,0.5487155820178626,0.5596652014652015
34,0.6552427184466019,0.6256300109141366,0.7475728155339806,0.7079981507165973,0.7364077669902912,0.7255663430420712,1.2987711338520866,0.6514089457311023,0.6392235167206042,0.9923369963369963,0.9923528477718747,1.0,1.0,1.0,1.0,0.025161407731037918,0.9922463409977244,0.9925927212787213,0.5734977289377289,0.5303902463235419,0.6251770451770451,0.5683516483516483,0.5646886446886447,0.6262271062271062,3.240274867880146,0.5581161324208824,0.5686503052503052
35,0.6573203883495147,0.6304444592319971,0.7281553398058253,0.6922699953767916,0.7372815533980582,0.7084142394822006,1.2868316986659591,0.6550838778255091,0.6429905070118662,0.9861069597069597,0.9857257903305663,0.9978021978021978,0.9971989914847057,0.9981618381618382,0.9966300366300366,0.02460112282331571,0.9868697142663845,0.9856215195915196,0.5591288563288563,0.5177932099629318,0.6267399267399266,0.5527472527472528,0.541904761904762,0.6155311355311355,3.178019831526506,0.542450562260567,0.5483010012210012
36,0.668537216828479,0.6419330388237382,0.7378640776699029,0.7000554785020804,0.7380906148867314,0.7174757281553398,1.225943631692701,0.6574730195207377,0.6540271844660193,0.9929318681318683,0.9930838677414083,1.0,1.0,1.0,1.0,0.023897814232003742,0.9931289189658966,0.9931101963961966,0.5596467562067562,0.5214186385591633,0.6146275946275946,0.55098273155416,0.5502564102564103,0.6068131868131869,3.256570865394743,0.5496935180513368,0.5507918925518925
37,0.6360453074433656,0.6131151082466736,0.7281553398058253,0.6946925566343042,0.7304207119741098,0.7064724919093851,1.3852726000451754,0.6432220892940936,0.623846170442287,0.9859399267399267,0.9858071506451128,1.0,1.0,1.0,1.0,0.02164527390579218,0.985888991903287,0.9863843717023717,0.5500378998778999,0.5087483322746781,0.5941880341880343,0.531738356881214,0.5321538461538461,0.5863736263736264,3.4247483139112282,0.5351704436809359,0.5467680586080587
38,0.6642459546925567,0.636491884300404,0.7378640776699029,0.6973092926490985,0.7345307443365697,0.713915857605178,1.303730821749651,0.6603933112688977,0.6463825242718446,0.9942227106227106,0.9942310597885019,1.0,1.0,1.0,1.0,0.02301413685543592,0.9942921944318219,0.9942120981240982,0.558743199023199,0.5099290772523557,0.6168253968253967,0.5424552590266876,0.5346080586080586,0.6021978021978022,3.3330371411587048,0.5315713552008693,0.5457615628815629
39,0.6636181229773462,0.6375298538554931,0.7475728155339806,0.7095423023578363,0.7326860841423949,0.7275080906148867,1.2764345457305812,0.6585833543384025,0.6483948220064725,0.9904410256410257,0.9909732506561655,1.0,1.0,1.0,1.0,0.023189199644080068,0.9913173146783416,0.9909252355052355,0.5583786080586081,0.5132767539693837,0.5930891330891329,0.527432757718472,0.5375457875457875,0.5828571428571429,3.364552040108627,0.5368963740619532,0.5479100366300367
40,0.6631262135922329,0.6353585263586665,0.7572815533980582,0.71584835876098,0.7455339805825242,0.7362459546925565,1.3020194103544758,0.6557868232824814,0.6466107874865156,0.9963311355311355,0.9963781192322109,1.0,1.0,1.0,1.0,0.022072241312699675,0.9963308107712301,0.9964538077478079,0.5625740822140821,0.5125750185645541,0.5838583638583639,0.5137435897435897,0.5155311355311355,0.5758974358974358,3.3614549502202853,0.5457992838669673,0.5495861782661784
41,0.6616634304207121,0.6342871865885058,0.7378640776699029,0.7019325011558021,0.7406796116504855,0.716504854368932,1.2729930362359638,0.656155124144453,0.6456256742179073,0.9920234432234433,0.9920153564129307,1.0,1.0,1.0,1.0,0.020970006168401282,0.9920573193515815,0.9921400784400785,0.5772250549450548,0.5369947347790551,0.6049572649572649,0.5319120879120879,0.5324542124542124,0.5958974358974359,2.833352919191437,0.5688597655580083,0.5662329181929182
42,0.6489708737864077,0.6200134166165635,0.7378640776699029,0.6946555709662505,0.7361488673139159,0.7119741100323624,1.415752239934462,0.6440656305987813,0.63241380798274,0.9859223443223442,0.9862520418966993,0.9956043956043956,0.996003996003996,0.9967032967032967,0.996043956043956,0.020949942927424352,0.987087296868807,0.9862013473933475,0.5787330891330892,0.5393387077750179,0.6153113553113553,0.5682930402930403,0.5728205128205128,0.6130402930402931,3.1108225651950963,0.5664099661354175,0.5704026862026862
43,0.6529967637540453,0.6232894378735984,0.7281553398058253,0.6871382339343503,0.7291909385113269,0.7032362459546926,1.3971658185454099,0.6500668588936992,0.6362724919093852,0.9937128205128204,0.9940589710851675,1.0,1.0,1.0,1.0,0.02010540626855338,0.9942226370372835,0.9940559809819809,0.5718408791208791,0.5261864014615553,0.6170451770451771,0.5578461538461539,0.5691575091575091,0.6057875457875458,3.4085153074067542,0.5618153403532083,0.5583695238095238
44,0.6742265372168286,0.6461546745196629,0.7184466019417476,0.6826259824318076,0.7176375404530744,0.6996763754045308,1.2319425237375554,0.6627043799487359,0.6577641855447681,0.9875648351648353,0.9878858247687261,0.9956043956043956,0.9959398496240601,0.996043956043956,0.996043956043956,0.01893245320506104,0.9881572641855471,0.9882897315277316,0.5665584696784697,0.5184809404529437,0.6033943833943833,0.5330340136054422,0.515084249084249,0.5956776556776556,3.316000723180179,0.5535047445678729,0.5570832722832723
45,0.66515857605178,0.6356636331451733,0.7281553398058253,0.6891539528432731,0.7215857605177994,0.7087378640776699,1.3284489966753643,0.6518927994461895,0.649178640776699,0.9949553113553113,0.9949634824502168,1.0,1.0,1.0,1.0,0.01946074400525253,0.9948797454406433,0.9950913382913384,0.5548327716727717,0.5024403519296979,0.5533089133089133,0.4807702773417059,0.4566593406593407,0.5520879120879121,3.4517501424877466,0.5325264664515392,0.5446388766788767
46,0.662588996763754,0.633506592743249,0.7572815533980582,0.7093943596856218,0.73789644012945,0.7333333333333332,1.3107411659830064,0.6558037054610673,0.6452537216828478,0.9856923076923078,0.9854871222329118,0.9956043956043956,0.9952769035475802,0.9964035964035964,0.9947252747252747,0.020008105147034255,0.9855918595350549,0.9856666103526105,0.5837431013431014,0.5362969814725221,0.6063247863247864,0.5368351648351648,0.531025641025641,0.5961904761904762,3.0677437487250026,0.5612879302653481,0.571694945054945
47,0.6786148867313916,0.6495565616931014,0.7669902912621359,0.7246879334257975,0.7597734627831715,0.7440129449838186,1.249196993300667,0.6690349347449364,0.66162761596548,0.9907282051282053,0.9903428243929172,0.9978021978021978,0.9970976392029023,0.997978021978022,0.9966300366300366,0.0190643484756997,0.9908856127825997,0.9901324041884041,0.5571491412291413,0.509859441606089,0.5950671550671551,0.5253919413919413,0.49926739926739927,0.6027838827838827,3.4270718662355413,0.5339456754003731,0.550967619047619
48,0.6496375404530744,0.6238543823191075,0.7281553398058253,0.6859546925566343,0.7126213592233009,0.7048543689320388,1.4007407110100694,0.6519021011045281,0.6351091693635383,0.9903252747252749,0.9906976509982939,1.0,1.0,1.0,1.0,0.019867506882410197,0.990816504653162,0.9909569622969624,0.5386210826210827,0.48841733702190093,0.5651770451770451,0.4725630559916274,0.4528571428571429,0.5363369963369964,3.5599866252247447,0.5246499485162661,0.5258999267399267
49,0.6409255663430421,0.6134789246973894,0.7087378640776699,0.671169671752196,0.6898058252427184,0.6889967637540453,1.4412820463262939,0.6440257847255128,0.6246012944983819,0.990043956043956,0.9901977049170364,0.9956043956043956,0.9960759040458289,0.9963369963369965,0.9961838161838162,0.018850029499700716,0.9906187894666927,0.9901499049099048,0.5562187057387058,0.5042111244668388,0.5625396825396826,0.4750706436420722,0.4501391941391942,0.5556776556776557,3.309514698542223,0.525465801175315,0.5426884493284494
50,0.6357864077669902,0.6100737834212346,0.7087378640776699,0.6713915857605178,0.6975728155339807,0.6935275080906148,1.4292950553828472,0.638424794429498,0.6225067961165048,0.9943179487179488,0.9945807969721133,1.0,1.0,1.0,1.0,0.019305724121128427,0.9945815046447847,0.9946307425167425,0.5697938787138787,0.5276327594606184,0.5838827838827838,0.522865515436944,0.5157435897435897,0.5828571428571429,3.243699005894191,0.5692461483860584,0.5654599755799755
51,0.6375404530744335,0.6156495387065437,0.7475728155339806,0.7160332871012481,0.7527831715210356,0.7304207119741101,1.4937367349719035,0.6456309563749298,0.6264623516720604,0.9886813186813187,0.9888709429720114,0.9956043956043956,0.9959115630057691,0.996003996003996,0.9962237762237761,0.018251293649783833,0.9888294084778791,0.989336730898731,0.5773767195767197,0.5333120357563144,0.613089133089133,0.5404186289900575,0.5511721611721612,0.5896703296703296,3.393840501645911,0.559472110300308,0.5655724053724055
52,0.6707443365695793,0.6431274478515014,0.6990291262135923,0.6574479889042996,0.6775080906148867,0.6776699029126213,1.3014530706584018,0.6565511923285605,0.6544983818770227,0.9947604395604394,0.9945626391027858,1.0,1.0,1.0,1.0,0.017843675955802316,0.9942618039461358,0.9949404445924449,0.5687236792836792,0.5125390815272761,0.5946520146520147,0.511905808477237,0.48563369963369957,0.5723809523809524,3.131877718407983,0.5292273955165127,0.5478052258852258
53,0.6560453074433656,0.6298102767986485,0.7281553398058253,0.6871382339343503,0.7291909385113269,0.7032362459546925,1.2949142940621368,0.6556492416787589,0.6386783171521037,0.9927663003663003,0.9927687155067513,0.9978021978021978,0.9972827172827172,0.9983150183150183,0.9966300366300366,0.018918461376574276,0.9931842915590676,0.992554387982388,0.5645494993894993,0.5240897572557521,0.5863003663003663,0.5073992673992674,0.49260073260073256,0.5794139194139194,3.0066893821292213,0.5575830499241498,0.5518658852258852
54,0.6543754045307445,0.6282442975101689,0.7087378640776699,0.6739713361072582,0.7141423948220065,0.689967637540453,1.3952403659158232,0.6474639742019537,0.6384744336569579,0.9908600732600732,0.9908562073260245,1.0,1.0,1.0,1.0,0.01801850358360707,0.9907816622695546,0.9911417883597884,0.5651054131054131,0.5160638877917549,0.6058363858363859,0.529766614338043,0.5069157509157509,0.5956776556776556,3.493118342472596,0.54223636141537,0.5460353113553114
55,0.6716375404530744,0.6436318952392266,0.7281553398058253,0.691058714748035,0.723851132686084,0.7103559870550161,1.3032234205205444,0.6581959483897311,0.6556308522114347,0.9929230769230769,0.9929752187234174,1.0,1.0,1.0,1.0,0.017057985343002933,0.992573820682126,0.9934812946312946,0.5745806756206757,0.5229175121891747,0.6151159951159951,0.5289754055468341,0.5009816849816849,0.5994871794871794,3.176360386540713,0.5387348206354459,0.5595438339438339
56,0.6596699029126215,0.6303187787466267,0.7184466019417476,0.6705779010633379,0.7041100323624596,0.6935275080906148,1.3781088714738106,0.6549470767969705,0.6405458468176914,0.9935531135531137,0.9935092715696493,1.0,1.0,1.0,1.0,0.017640334368659086,0.9932928434296155,0.993821574795575,0.5749928530728532,0.5206242051860535,0.6157264957264957,0.5295907901622187,0.520029304029304,0.5989743589743589,3.5394134536529336,0.544462928256586,0.56216547008547
57,0.645294498381877,0.62015131045143,0.6990291262135923,0.6605270457697642,0.6739482200647249,0.6831715210355986,1.4190897762702401,0.650260657079413,0.631177346278317,0.994675457875458,0.9946953206526035,1.0,1.0,1.0,1.0,0.017130276804268662,0.9946066327547789,0.9948345162245162,0.5788389906389906,0.5326978130632753,0.5930891330891329,0.5145264259549973,0.502124542124542,0.5828571428571429,3.0952919076542416,0.5638935763043729,0.5698843467643468
58,0.6438770226537217,0.6163171168400777,0.7087378640776699,0.6721312991215903,0.6961165048543688,0.6909385113268608,1.4402159292744308,0.6493488077501617,0.6282377562028048,0.985446153846154,0.9848834939673753,0.9978021978021978,0.9971989914847057,0.9981618381618381,0.9966300366300367,0.01660945099153086,0.9862450654206922,0.9845511934731935,0.5715117297517297,0.5169650812106158,0.6184126984126983,0.5321988487702772,0.5207619047619048,0.5994871794871794,3.3287914558790592,0.5556295825469193,0.5526812210012211
59,0.6624077669902912,0.6302160263355885,0.7669902912621359,0.7199630143319463,0.7419741100323625,0.7414239482200646,1.3370346753664966,0.6595124946501341,0.6408403451995685,0.992757509157509,0.9926598835504525,1.0,1.0,1.0,1.0,0.018138810710319635,0.992942475917266,0.9925080936100936,0.5704598941798942,0.5194435777582534,0.5955067155067155,0.5050884353741497,0.4927032967032967,0.5719413919413919,3.5336031516888378,0.5439838843323286,0.5512802442002442
60,0.6723818770226538,0.6428029461074908,0.7572815533980582,0.7149791955617198,0.7500647249190939,0.734304207119741,1.2939230786502163,0.6639049978807889,0.654011650485437,0.9938197802197803,0.9926696498112526,0.9978021978021978,0.9968602825745683,0.9982017982017982,0.996043956043956,0.017277637144544142,0.9939345334575749,0.9920559126059126,0.5921710378510379,0.5406805638772685,0.657045177045177,0.5838388278388278,0.5758241758241758,0.6358974358974357,2.9859960714767997,0.5721963418928178,0.571959706959707
61,0.6424660194174758,0.6173655590455821,0.7184466019417476,0.682478039759593,0.7329126213592234,0.6961165048543689,1.463424423498676,0.6466876004175515,0.6267346278317153,0.9952000000000003,0.9954020485244248,1.0,1.0,1.0,1.0,0.01644300964616878,0.9952264755205225,0.995624828208828,0.5952455189255188,0.5528474662820437,0.6696214896214897,0.6182647828362114,0.6327472527472529,0.6595604395604396,3.055658510596559,0.5878628851038318,0.5835932600732602
62,0.6609902912621358,0.6335561509320156,0.7572815533980582,0.7174664817383264,0.7562135922330098,0.7404530744336568,1.3879275055801155,0.6594761181096912,0.645394390507012,0.9833875457875457,0.9829912137381798,0.9934065934065934,0.9935432634592299,0.9949450549450549,0.993934065934066,0.015367752774033452,0.9836943945275358,0.9839049554889555,0.5650120309320309,0.5122311888366594,0.6063003663003663,0.5372684458398744,0.5223003663003662,0.606153846153846,3.4317658059342726,0.5322128922121154,0.5517235164835165
63,0.6563689320388351,0.6305023812509455,0.7184466019417476,0.6853536754507629,0.7084142394822005,0.7035598705501618,1.351977840324531,0.6552015828699043,0.6395160733549083,0.9934564102564102,0.9937155885723554,1.0,1.0,1.0,1.0,0.015102579526314741,0.9937063308393637,0.9938244627224626,0.5781322588522589,0.5364950673242489,0.6482783882783882,0.5960376766091052,0.6024908424908425,0.6393406593406593,3.0099377801217626,0.5650239771379557,0.5667670818070819
64,0.6695210355987056,0.6391030263802018,0.7766990291262136,0.7260471567267682,0.7487702265372167,0.7517799352750809,1.3837538143378503,0.6619884124281522,0.6502578209277238,0.9873113553113554,0.9871174529701999,0.9956043956043956,0.9947831116252168,0.9964035964035964,0.9940659340659341,0.015894555461346032,0.9885129652538858,0.9865141425981427,0.5717321448921449,0.5122123426459374,0.6073992673992674,0.5243858363858364,0.4994139194139194,0.5994871794871794,3.5376352559888002,0.5577884809096502,0.555552967032967
65,0.6770291262135922,0.6478553279645517,0.7572815533980582,0.7145908460471566,0.7545954692556633,0.7359223300970873,1.3165399166786487,0.664643340349846,0.6599471413160733,0.9961245421245419,0.9961605735833955,1.0,1.0,1.0,1.0,0.01450300513722201,0.9960816078093591,0.9962569785769786,0.5840779812779813,0.5411497454396884,0.6460561660561661,0.5893919413919414,0.5893040293040293,0.6427106227106227,3.3173878532623875,0.5666478924232671,0.5731445177045177
66,0.6748996763754046,0.6460090635593799,0.7766990291262136,0.7327415626444752,0.7626860841423947,0.7563106796116504,1.2802652945094473,0.6691385993986843,0.6576355987055017,0.9984014652014652,0.9983575055578877,1.0,1.0,1.0,1.0,0.014988315749306645,0.9984199308844993,0.9983001174381173,0.5795411640211641,0.5353212727106033,0.6350671550671549,0.5821475667189951,0.5809890109890109,0.6294505494505493,3.3841307295439873,0.5623558392131992,0.5647212698412699
67,0.6439741100323625,0.6179808856001039,0.7475728155339806,0.7104484512251502,0.7487055016181229,0.7258899676375404,1.4966441338988363,0.6419662756902541,0.6282489751887811,0.992937728937729,0.9932920085091115,1.0,1.0,1.0,1.0,0.016307412034773167,0.9933749084493785,0.9933552331372332,0.5830230687830688,0.5366584136273721,0.6263247863247863,0.5615384615384615,0.5562637362637363,0.6128205128205128,3.0681672139950193,0.5725731607414819,0.5665789987789988
68,0.6647119741100324,0.6363295796823842,0.7184466019417476,0.6744244105409153,0.709611650485437,0.698705501618123,1.389969539511705,0.6513645967162605,0.6475249190938511,0.9962886446886448,0.996212685527857,1.0,1.0,1.0,1.0,0.015540400733648388,0.9959474491885938,0.9965538332038334,0.6083116157916157,0.5616792252171586,0.6471794871794873,0.5660010465724751,0.5526007326007326,0.6325274725274725,3.185108256873499,0.5897210098442017,0.5933903296703297
69,0.6587508090614886,0.6297988168026337,0.7475728155339806,0.7058252427184466,0.7425566343042072,0.7233009708737864,1.3987549319074228,0.6477815482029702,0.6414608414239483,0.9879296703296704,0.9848945946886283,0.9912087912087912,0.9867189952904238,0.9930769230769231,0.9861538461538462,0.01425236405593678,0.9896960764937407,0.9840559376919378,0.5728388603988604,0.5199756412568025,0.6263003663003662,0.5576996336996336,0.564908424908425,0.6095238095238095,3.4388184771276546,0.5531258976748482,0.5546426862026861
70,0.6739611650485438,0.6439225666302334,0.7766990291262136,0.7346555709662504,0.7620388349514563,0.7553398058252427,1.3456366191531075,0.6584450246041157,0.656397842502697,0.9944747252747251,0.9944338988680479,1.0,1.0,1.0,1.0,0.015164965459888729,0.9943793155622728,0.9946080560920563,0.5979511436711437,0.5583308335162029,0.6678632478632478,0.6208937728937729,0.6271062271062272,0.6666666666666666,3.1436598025686826,0.5810937842868724,0.5905181440781441
71,0.6473915857605179,0.6185830113936218,0.6893203883495146,0.6300878409616274,0.632588996763754,0.6711974110032362,1.493664712664749,0.6467075814095692,0.63044832793959,0.9968410256410256,0.9968832830846265,1.0,1.0,1.0,1.0,0.01645870622876964,0.9969503038688619,0.9968401153661153,0.5943820105820107,0.5559805032432912,0.6572893772893773,0.588931449502878,0.5875018315018316,0.6429304029304028,3.3184565131960753,0.5925888735359415,0.5817454945054944
72,0.671663430420712,0.6424640119527125,0.7669902912621359,0.7246879334257975,0.7597734627831715,0.7440129449838189,1.4152535216025601,0.6638055553684087,0.654203451995685,0.9961465201465202,0.9959097126737072,1.0,1.0,1.0,1.0,0.01421337862820405,0.9960595133224752,0.9958500753320754,0.5810023443223443,0.5270935152990814,0.6267643467643468,0.5573186813186812,0.5484615384615384,0.6165567765567765,3.4747148867753483,0.5680299875212589,0.5658071794871795
73,0.6609061488673139,0.6343708919997832,0.7475728155339806,0.7079981507165973,0.7419093851132686,0.7281553398058251,1.3369624392491941,0.6601838194205834,0.6451188781014023,0.9965435897435897,0.9965106328561207,1.0,1.0,1.0,1.0,0.014715595406196061,0.9964827608241875,0.9965702664002665,0.5991795848595848,0.5494826635166024,0.649157509157509,0.5844688644688645,0.5926007326007325,0.6357509157509157,3.0279524873016888,0.5815771079233277,0.5838909890109889
74,0.6602783171521036,0.6332248031267006,0.7475728155339806,0.7084882108183077,0.736084142394822,0.7265372168284789,1.4497813111645415,0.6537276417955663,0.6455833872707659,0.9958432234432234,0.9959514979641932,1.0,1.0,1.0,1.0,0.014513167283073737,0.9958405588629764,0.996098485144485,0.57732336996337,0.5310356920931244,0.6175091575091575,0.5377373103087388,0.5412820512820513,0.592967032967033,3.485052953510194,0.563487050869839,0.5631055433455433
75,0.6615016181229773,0.6333129858079728,0.7475728155339806,0.7046601941747571,0.7399676375404531,0.7207119741100324,1.4354182047371027,0.6609366768999853,0.6421279395900753,0.9911384615384617,0.9909605585440618,1.0,1.0,1.0,1.0,0.015477537224940578,0.9914128472179445,0.9907715993635994,0.5935627676027676,0.5474505368446404,0.657069597069597,0.58785557299843,0.5935091575091574,0.6358241758241757,3.203994168411291,0.5804927854605731,0.5763719658119658
76,0.6602718446601942,0.635362642312872,0.7378640776699029,0.7025612575127138,0.7353398058252427,0.7174757281553398,1.3822622773957265,0.6628352615492621,0.6444714131607336,0.9965567765567767,0.9965594533841278,1.0,1.0,1.0,1.0,0.013203944881224205,0.9965245494323054,0.9966270075850076,0.5930046398046398,0.5444412919070302,0.613992673992674,0.5321172161172162,0.5146153846153846,0.5928205128205128,3.1625418315891967,0.5832260588181571,0.5770701343101344
77,0.6469320388349514,0.6216574837584461,0.7087378640776699,0.6755894590846048,0.72126213592233,0.6906148867313915,1.4866766050908482,0.6524426251154596,0.6322768069039915,0.9974021978021977,0.9974406856127579,1.0,1.0,1.0,1.0,0.013546573558037393,0.9975073630682243,0.9973830872830872,0.589244363044363,0.5408327107500794,0.5854212454212454,0.5212956567242281,0.5178754578754579,0.5799267399267399,3.2871065258483996,0.5619105777353336,0.5752498168498168
78,0.6618964401294499,0.6336355338384017,0.7378640776699029,0.6963384188626907,0.739061488673139,0.7155339805825242,1.4274544733294432,0.6549109686675175,0.6438903991370011,0.9957084249084248,0.9956588020099454,0.9978021978021978,0.9977464022046066,0.9979780219780221,0.9977533577533577,0.014622246113604161,0.995741353536854,0.9956909707329706,0.5880099796499796,0.5428609167916717,0.624078144078144,0.5502794348508634,0.5395604395604395,0.6028571428571428,3.198926516654836,0.5741251484406665,0.5738646153846153
79,0.6365695792880258,0.6100030572927368,0.7184466019417476,0.667877947295423,0.6971844660194175,0.698705501618123,1.5138198748096316,0.6395033668904062,0.6218862998921252,0.9851750915750915,0.9848693745689058,0.9978021978021978,0.9978716020821284,0.9979780219780221,0.9979780219780221,0.014059179224217736,0.9851347198795228,0.9857234444074444,0.5893007407407409,0.5529503744521166,0.6263003663003663,0.5732789115646258,0.5913553113553114,0.6194871794871795,3.337770641532834,0.5935854097808079,0.5803682051282052
80,0.6717216828478966,0.639960091470633,0.7475728155339806,0.6967914932963476,0.728705501618123,0.7242718446601941,1.3801851891818513,0.6610065829257316,0.6531741100323625,0.997660073260073,0.9976037490411448,1.0,1.0,1.0,1.0,0.013136391452476677,0.9976171521097381,0.9976052713212714,0.5935652584452583,0.5474823297316612,0.6243223443223442,0.5692161172161172,0.5683882783882784,0.6231501831501831,3.307188775456918,0.59030939145893,0.58033894993895
81,0.6738252427184466,0.6458214484450407,0.7572815533980582,0.7065002311604252,0.728705501618123,0.7349514563106796,1.342422382556426,0.6655246492763325,0.6582500539374326,0.9982344322344322,0.9981591305840187,1.0,1.0,1.0,1.0,0.012848943535661454,0.9982351045815624,0.9980922553742555,0.5823142857142858,0.5433694153822121,0.6460805860805862,0.5953992673992673,0.5944688644688644,0.6427106227106226,3.352223865742737,0.5677545624367021,0.5753240537240537
82,0.6406148867313916,0.6133331208458868,0.7184466019417476,0.672371705963939,0.6886731391585761,0.6993527508090615,1.543864665612125,0.6443674280831581,0.6258612729234089,0.9903985347985349,0.9903277734683047,1.0,1.0,1.0,1.0,0.012904928385244466,0.9901756859788909,0.9909037468457469,0.5600497028897029,0.5202345121675191,0.5841025641025641,0.5162783882783882,0.5393333333333333,0.5695238095238095,3.291139215425141,0.5477320826840196,0.5531936507936507
83,0.6621747572815535,0.6340183613382006,0.7475728155339806,0.6980212667591308,0.722556634304207,0.7242718446601941,1.442272552568464,0.6604817117342474,0.6459011866235166,0.9957450549450549,0.9956937489013243,1.0,1.0,1.0,1.0,0.013351298784765904,0.9955163632700724,0.9959504684944686,0.5758575824175824,0.5268816009317963,0.6173137973137972,0.5503485086342229,0.5609523809523809,0.6093772893772893,3.3379181279531616,0.5551646607997403,0.564429597069597
84,0.6618511326860842,0.6331064014297872,0.7378640776699029,0.6988626907073509,0.7312944983818769,0.7184466019417476,1.4356662676751102,0.6533371801556014,0.6455275080906149,0.9938666666666667,0.9939266864991024,0.9978021978021978,0.9977953934610281,0.9978021978021978,0.9980219780219781,0.013511330709575123,0.9937720840723049,0.9942213046213045,0.5916585592185593,0.5537819976462786,0.6484981684981684,0.591062271062271,0.5831501831501831,0.6462271062271061,3.3158400930969054,0.5843583146191139,0.5850877655677655
85,0.6696893203883495,0.6423438159412921,0.7572815533980582,0.7148774849745724,0.7500647249190938,0.7378640776699029,1.409478241687398,0.666472899564132,0.6536064724919095,0.9977860805860804,0.9977285484725149,1.0,1.0,1.0,1.0,0.012625446195599252,0.9976190324108954,0.9978496736596737,0.5967110297110297,0.5514321199383979,0.6577533577533577,0.5957802197802198,0.6014285714285714,0.6430769230769231,3.11422409849036,0.5763639817223135,0.5818776556776556
86,0.6604595469255663,0.6303713436176214,0.7475728155339806,0.703134535367545,0.7257928802588998,0.7255663430420712,1.4348046081334762,0.651635967181321,0.6415249190938511,0.9932058608058609,0.9931743409594327,1.0,1.0,1.0,1.0,0.013613810047926963,0.9931641607466928,0.993319065083065,0.5550933984533984,0.5079158872158286,0.5757509157509159,0.5014714809000523,0.49145054945054945,0.5624175824175824,3.3552957286342684,0.5304806160117057,0.5444118681318683
87,0.6360906148867314,0.6066329784413608,0.7087378640776699,0.6549976883957468,0.6686084142394821,0.6809061488673138,1.5830405448732965,0.6380402429893991,0.6191044228694714,0.9917391941391941,0.9919817045354107,0.9978021978021978,0.9980566801619434,0.9983150183150183,0.997978021978022,0.01344963821192967,0.9921178716758822,0.992212691012691,0.5797425803825804,0.5360294449787147,0.5941880341880342,0.5285442176870748,0.520981684981685,0.5896703296703297,3.361163988880702,0.5724028120624489,0.569749010989011
88,0.6646925566343043,0.6354631741322619,0.7378640776699029,0.6920943134535368,0.7267637540453076,0.7236245954692556,1.4157756611059242,0.6599496312538151,0.6476604099244877,0.9958432234432234,0.9956825514041499,1.0,1.0,1.0,1.0,0.011720632539524448,0.9959056915176954,0.9955214562474564,0.5725986650386651,0.5314259751265379,0.6359462759462758,0.5784468864468864,0.5890842490842491,0.6224908424908425,3.3649018495609786,0.5628128287626772,0.5576810744810746
89,0.659799352750809,0.6314496964594313,0.7184466019417476,0.6774387424872861,0.709611650485437,0.6951456310679611,1.4101480089357328,0.6606062581953647,0.641831715210356,0.9970520146520148,0.9971403406168473,1.0,1.0,1.0,1.0,0.013152495852566223,0.9970771744233361,0.997230023014023,0.5811820431420431,0.541105703122461,0.6265201465201465,0.553883830455259,0.5566300366300366,0.6129670329670329,3.58507607544131,0.5792508591485773,0.5729600488400489
90,0.6618576051779934,0.6353402249934577,0.7087378640776699,0.671964863615349,0.7005501618122977,0.6935275080906149,1.4098933419738604,0.660741393876216,0.646652427184466,0.9931648351648351,0.9922131644157309,0.9978021978021978,0.9970976392029023,0.9979780219780221,0.9966300366300367,0.012579876478568229,0.9935122776445455,0.9916783003663002,0.5441770614570615,0.5003635089487701,0.5717704517704518,0.5073846153846153,0.4944688644688645,0.566007326007326,3.5925745611397235,0.5345989681660751,0.5327481318681319
91,0.6644530744336569,0.6336591661621414,0.7184466019417476,0.6676930189551548,0.6963430420711973,0.6977346278317151,1.429820799956583,0.6520299138125916,0.6460729234088457,0.9966358974358974,0.9965767862958392,1.0,1.0,1.0,1.0,0.013044595165308523,0.9966165117621112,0.9966129237429239,0.5729450875050875,0.5286162541335181,0.5827350427350426,0.5066896912611198,0.5021904761904762,0.566007326007326,3.2418433410881553,0.5656912236969696,0.5618357997557998
92,0.6606213592233009,0.6311833290189598,0.7378640776699029,0.6882478039759592,0.7154368932038835,0.7181229773462784,1.4199623386194127,0.6556519576050872,0.644011650485437,0.9962461538461538,0.9963051808771977,1.0,1.0,1.0,1.0,0.013328062448537143,0.9962258531561431,0.9964081716061715,0.5984719576719577,0.5554718700747399,0.5841025641025641,0.5181538461538462,0.5177655677655678,0.5761172161172161,2.9805135483358494,0.5839426636594095,0.588192673992674
93,0.6517928802588998,0.6233268327395016,0.7281553398058253,0.6838465094775773,0.7047572815533981,0.707766990291262,1.4815949035422489,0.6491341923282783,0.634664077669903,0.9968439560439559,0.9967103412810556,1.0,1.0,1.0,1.0,0.013432974313494382,0.9967202762802322,0.9967302111962111,0.5704317948717947,0.5258257570948742,0.6052014652014652,0.532937728937729,0.5505494505494506,0.5828571428571429,3.4052847880800123,0.5626910834207505,0.5570023443223443
94,0.6596699029126213,0.6313124377752019,0.7087378640776699,0.6737771613499769,0.7102588996763755,0.6935275080906148,1.4582705696364016,0.6555409597515334,0.6425096008629989,0.9973216117216116,0.99716625398515,1.0,1.0,1.0,1.0,0.012647829441792617,0.9971658231299717,0.997184900950901,0.6069933251933252,0.5567925493084542,0.6489377289377289,0.5828069073783358,0.5965860805860806,0.6321611721611722,3.39764104312456,0.5940006765508777,0.5893415384615386
95,0.64673786407767,0.6216901282988766,0.7184466019417476,0.6791030975496994,0.714336569579288,0.7022653721682848,1.5110676148859623,0.6462965623958744,0.6318828478964402,0.9978388278388278,0.99776578535477,1.0,1.0,1.0,1.0,0.011475892964916374,0.9977163913441277,0.9978233845413844,0.6014580545380546,0.561164253103615,0.6346275946275947,0.5710413396127682,0.5736263736263736,0.6136263736263737,3.0067556765478547,0.5897943729127951,0.5870080097680098
96,0.6654563106796116,0.6354654068900875,0.7475728155339806,0.6983726306056401,0.7264401294498383,0.7271844660194176,1.444051712620333,0.6584349743129756,0.6479132686084143,0.9927443223443223,0.9928821898466882,1.0,1.0,1.0,1.0,0.012372310516789995,0.9926638379163443,0.9934527787027787,0.5902371998371998,0.5503030802614377,0.6269597069597069,0.5511355311355312,0.5459340659340659,0.6156776556776556,3.3211916931687733,0.5798729573163258,0.5769493528693529
97,0.67210355987055,0.6389965808982758,0.7475728155339806,0.6934257975034673,0.7076699029126213,0.7200647249190939,1.4082550562863831,0.6573340671655321,0.6519085221143472,0.9963985347985348,0.996385987704053,1.0,1.0,1.0,1.0,0.012828111919915106,0.9961818824625274,0.9966362869722869,0.5963433129833129,0.548496937478237,0.6494017094017094,0.5787043432757719,0.5805421245421245,0.6358974358974359,3.5365301497707136,0.5649009702610736,0.5827405616605615
98,0.6535533980582524,0.6242680121241507,0.7184466019417476,0.6721960240406842,0.6833333333333332,0.6967637540453074,1.5184845348896592,0.6477513190426407,0.6367423948220066,0.9965172161172161,0.996470458287445,1.0,1.0,1.0,1.0,0.011832230768082796,0.9963058453027989,0.996679085063085,0.5765013105413106,0.5251502240703294,0.6058608058608058,0.5264175824175824,0.5207692307692308,0.5858608058608058,3.422168366618516,0.5462646784196208,0.5599087179487181
99,0.6604466019417475,0.6306777907887794,0.7087378640776699,0.664882108183079,0.6843689320388351,0.687378640776699,1.4391036447153258,0.6503467430306679,0.6431585760517798,0.9980512820512819,0.997996907935915,1.0,1.0,1.0,1.0,0.012159965716101229,0.9979082862115012,0.9980973460613459,0.5785462596662596,0.5306374560881872,0.6170695970695971,0.547861852433281,0.5403223443223443,0.6057875457875458,3.3560048086211207,0.5625337847183398,0.5625684981684981
100,0.674673139158576,0.6447016364292073,0.7572815533980582,0.706333795654184,0.7277346278317152,0.734304207119741,1.3737732863124255,0.6607176372730258,0.6574394822006472,0.9950417582417582,0.9951362613877465,1.0,1.0,1.0,1.0,0.011955586388963588,0.9949516380227533,0.9954189648129649,0.5812911843711843,0.5338777871136807,0.6581684981684982,0.5959267399267398,0.5993406593406593,0.646007326007326,3.3896841509094533,0.5532064815132629,0.5647337728937729
