round,lr,swa_test_accuracy,swa_test_f1,swa_test_image_accuracy,swa_test_image_f1,swa_test_image_precision,swa_test_image_recall,swa_test_loss,swa_test_precision,swa_test_recall,swa_val_accuracy,swa_val_f1,swa_val_image_accuracy,swa_val_image_f1,swa_val_image_precision,swa_val_image_recall,swa_val_loss,swa_val_precision,swa_val_recall,test_accuracy,test_f1,test_image_accuracy,test_image_f1,test_image_precision,test_image_recall,test_loss,test_precision,test_recall,train_accuracy,train_f1,train_image_accuracy,train_image_f1,train_image_precision,train_image_recall,train_loss,train_precision,train_recall,val_accuracy,val_f1,val_image_accuracy,val_image_f1,val_image_precision,val_image_recall,val_loss,val_precision,val_recall
1,0.00010000000000000002,0.41019417475728154,0.293355041723445,0.3883495145631068,0.2733558495168402,0.24133376707872484,0.34891304347826085,1.398550763624,0.4588652244399672,0.3685750423489554,0.43409722222222225,0.30945691126252384,0.4166666666666667,0.2896233120113717,0.2473015873015873,0.3670995670995671,1.396643629471461,0.29402365539881237,0.38373809523809527,0.41019417475728154,0.2933534680732918,0.3883495145631068,0.2733558495168403,0.24133376707872484,0.34891304347826085,1.3985509882930027,0.4588599816223301,0.3685750423489554,0.6250183150183151,0.609684719209038,0.6681318681318681,0.651259327782917,0.6556976079083576,0.6497681366243934,1.4340148991944588,0.6143845757248749,0.608074682585284,0.4697222222222222,0.43439355609775576,0.46875,0.4250654107796965,0.48569461229307775,0.4347801321485532,1.177019602512178,0.44559137661421,0.43851374648743074
2,9.997734440724332e-05,0.42637540453074435,0.3468419806660983,0.4174757281553398,0.3336091359620771,0.3163630464005933,0.3839403350272915,1.2540731207375388,0.5168187297181323,0.3928593230441057,0.4504861111111111,0.34060502086447725,0.4583333333333333,0.3434974533106961,0.3214285714285714,0.41060606060606064,1.252357078327073,0.4763105140866927,0.4043625730994152,0.4515210355987055,0.4030325510711058,0.4563106796116505,0.39059836382907154,0.5471406882591093,0.42495859213250514,1.1119753160368664,0.4825816956218551,0.42204455737499214,0.7021172161172161,0.697588264045102,0.7538461538461538,0.75392974230605,0.7659399919086376,0.7519187218071972,1.1932387870135324,0.7074642508158085,0.6968637225037929,0.4822222222222222,0.4489251714041008,0.53125,0.5057905620360552,0.5135148185148186,0.5091820460241514,1.2723344978488456,0.451159636640562,0.4553354598617757
3,9.99094004412348e-05,0.4307443365695793,0.3670111954271254,0.4174757281553398,0.33986788745348884,0.32065897065897064,0.3839732731037079,1.1791330075186819,0.4674054342374001,0.39977050316832924,0.4501736111111111,0.359788707166394,0.4375,0.3341622219588321,0.3034056784056784,0.39285714285714285,1.1862272242705028,0.41126137463007756,0.40705251765778083,0.5044660194174757,0.4838807062621953,0.5436893203883495,0.5283111465088937,0.5509285714285714,0.5202023338979861,1.0646854029234172,0.49973355156052734,0.47933706317836755,0.8031501831501832,0.8005381416817604,0.8571428571428571,0.8539261025694284,0.8549942931281714,0.8551226581468198,1.0448100958901012,0.7994683967738881,0.8020228300345889,0.5240972222222222,0.4948979271004695,0.5729166666666666,0.5335925533168375,0.5337784679089027,0.5380041011619958,1.2592042840683029,0.4944525972020518,0.4967903091060986
4,9.97962365157888e-05,0.458252427184466,0.4233513411618647,0.4854368932038835,0.45495454014647246,0.5608376733731704,0.4566252587991719,1.1346473856805597,0.48489674358694435,0.43079817742643833,0.47649305555555554,0.42035539568989994,0.4895833333333333,0.4253284726968937,0.545514705882353,0.45062656641604004,1.1460553349720106,0.47476830062271524,0.44003896103896106,0.5385760517799353,0.5206561354183817,0.5825242718446602,0.5671170892227135,0.5790588235294118,0.5635789572746094,1.013110982249084,0.5253574480971953,0.5182433590564026,0.8853553113553113,0.8833959021504725,0.9560439560439561,0.955931999740924,0.9538674897816708,0.9599069093573582,0.9597336430724289,0.8809215469950686,0.8868909030631891,0.5083333333333333,0.4803082255456405,0.5520833333333334,0.513499199213485,0.5243434343434343,0.5159489633173843,1.2473473030957183,0.4849936483942465,0.4800742006531481
5,9.96379665773858e-05,0.49158576051779934,0.4717008607966712,0.49514563106796117,0.47697655365189523,0.5308333333333334,0.4692339544513458,1.1063063645902962,0.5036501939949647,0.46814141100445444,0.5069444444444444,0.4699830249291736,0.5416666666666666,0.5047825656521308,0.5793205868205868,0.5093984962406015,1.1231188253892792,0.5155805910211444,0.4761771853877117,0.5236569579288026,0.5113415643359707,0.5436893203883495,0.5322106795791006,0.5467586077493198,0.5347327310370789,1.081894400304961,0.5185603448825382,0.5115807578894536,0.8276410256410256,0.8231524918739085,0.8901098901098901,0.8886451558938543,0.8957105201460612,0.8880092055392679,0.8993390112115351,0.8285550301760061,0.8248615694284904,0.49385416666666665,0.4635168053433302,0.5208333333333334,0.5000808080808081,0.5087301587301588,0.5023923444976076,1.4895296362625958,0.46659046953058747,0.4695200880990355
6,9.943474999043775e-05,0.5135922330097087,0.4975288118819102,0.5339805825242718,0.5199740539461704,0.5362301587301588,0.5112958780350085,1.0824725083471503,0.5151883901081031,0.49257696844218585,0.5299305555555556,0.5018248347333027,0.5729166666666666,0.544125869396129,0.5922905525846703,0.541410344041923,1.1051200226280424,0.5365980201786358,0.5024402293612821,0.5883171521035598,0.5779953677861007,0.6213592233009708,0.6173902258355651,0.6275823247959471,0.6190551477507998,0.9621339116628888,0.5793410790070447,0.5781479735240606,0.9257216117216117,0.9244191073388814,0.9824175824175824,0.9822079651624318,0.9818109492988134,0.9827590738122561,0.85508736933544,0.9239119142698435,0.9253706946713333,0.5547569444444445,0.5253245201900613,0.59375,0.5629662478442967,0.5671374087392393,0.5626224652540441,1.223307661146253,0.5249667494373038,0.5283125996810207
7,9.918679137682179e-05,0.5273139158576052,0.5120949862569166,0.5436893203883495,0.5305198766763626,0.5470332480818414,0.5211443628834933,1.063217793344294,0.5240613544708823,0.5076831168831168,0.5453472222222222,0.5210819865276467,0.5833333333333334,0.5551420560116211,0.5938515590689504,0.5519366598313967,1.0918612887296413,0.5506194974856985,0.5201411103516367,0.5985436893203884,0.5853986231440309,0.6310679611650486,0.6195042643680331,0.6313752913752915,0.6165706757011103,0.9515651412341973,0.5875621513070427,0.5850053579270971,0.9120732600732601,0.9106411157299148,0.9604395604395605,0.9599654241141437,0.9580869686781017,0.9624585692243363,0.8260405402515397,0.9090302136483939,0.9138961200518635,0.5373611111111111,0.5114069283771945,0.5625,0.5344420834695434,0.548063973063973,0.5349168375484165,1.3606041598234226,0.5157288222795653,0.5135877572719678
8,9.889434040984333e-05,0.5364077669902912,0.5215446364913522,0.5533980582524272,0.5443602491469454,0.5539785525194059,0.5410201392810088,1.0454542773672677,0.5298110332579239,0.5179142480707698,0.5577777777777778,0.5359685582540282,0.5833333333333334,0.5550015202189116,0.5945959595959595,0.5519366598313967,1.0799865091178151,0.5596027842820309,0.5342533227006911,0.6009708737864078,0.5881659565822025,0.6601941747572816,0.6526714513556617,0.658070818070818,0.655932618106531,0.9448845659259069,0.5898214222853502,0.5893004297634732,0.9434578754578754,0.9421002222835654,0.989010989010989,0.9886622246693475,0.987500875378004,0.9899917382285949,0.797302280260093,0.939874728712262,0.9450236377240027,0.5605208333333334,0.5377209112580426,0.6041666666666666,0.5796373158354958,0.5805627705627706,0.5794258373205742,1.2506210771197799,0.5389369197011886,0.5377581833371307
9,9.855769156283603e-05,0.5453721682847896,0.5309074472670929,0.5825242718446602,0.5700566695727987,0.5766856544989537,0.5667447769621682,1.0314242916199767,0.5371270852884146,0.5280048058221971,0.5655208333333334,0.5443010564979329,0.6041666666666666,0.5818789905746428,0.6229292929292929,0.5776942355889725,1.0701750751336416,0.5643678683370608,0.5427278423331054,0.5989967637540453,0.5844049605770232,0.6116504854368932,0.6043466508626986,0.605959595959596,0.6047364953886692,0.963379856745402,0.585574711738669,0.585308686241295,0.948989010989011,0.9478443295627997,0.9956043956043956,0.9953895224124487,0.9947975077881619,0.9960380504069825,0.774657024032467,0.9468667965348555,0.9490336712620036,0.5220833333333333,0.49588724464868356,0.5729166666666666,0.5499446290143964,0.55494708994709,0.5515835042150832,1.3524711470398612,0.4956438431151873,0.4977696514012303
10,9.817718381265236e-05,0.5494822006472492,0.5358650345861107,0.5825242718446602,0.5700566695727987,0.5766856544989537,0.5667447769621682,1.0218686218940711,0.5406426315276656,0.5336171905389298,0.5717361111111111,0.5507685315480467,0.6145833333333334,0.5927563475950574,0.6280017566974089,0.5882205513784462,1.0635682270261977,0.5674160590136915,0.5496209083314347,0.5824919093851133,0.5715410484969499,0.6116504854368932,0.6047675131885658,0.6159795321637427,0.6055270092226614,0.9821632853835145,0.5744148257566117,0.572504272539055,0.9426739926739927,0.9428769891343969,0.989010989010989,0.9893669467787115,0.9888029956841837,0.9900466933485802,0.7559935066149785,0.941848723858403,0.9443355983307292,0.47350694444444447,0.44927579653604743,0.4895833333333333,0.47152487570282736,0.4756842105263158,0.4751196172248804,1.4492954529102007,0.44828922800720133,0.45376209463051564
11,9.775320029834253e-05,0.5598058252427185,0.5470030148859217,0.5922330097087378,0.584752240256403,0.5967401458190932,0.5817880670054583,0.9929525939932148,0.5496841105671468,0.545827931488801,0.5884375,0.5645525635366566,0.6145833333333334,0.59481708223127,0.6176317799847212,0.5957963089542037,1.049739315294557,0.5756500028114793,0.5656240221766538,0.6113915857605178,0.6014227873380947,0.6601941747572816,0.6508036458565754,0.6554357298474945,0.6533239224543571,0.9330867221478892,0.6055165055707527,0.6033220371416024,0.9553699633699634,0.9542712430127246,1.0,1.0,1.0,1.0,0.7377321096497141,0.9527128255929685,0.9561766437666617,0.5422916666666666,0.5113205632224869,0.5625,0.5241134077823232,0.5257335646809331,0.5287764866712235,1.2913265059396994,0.5113884882355277,0.5146924128503076
12,9.728616793536587e-05,0.5741747572815534,0.5624121744177861,0.6116504854368932,0.6000238013683716,0.6051625498684323,0.5991793713532843,0.9779547239584444,0.5640024940166388,0.5621790043290043,0.5928472222222222,0.5690595084951234,0.65625,0.6328825929482205,0.6421635711958292,0.6368990658464342,1.0371252921471994,0.5765155161541251,0.5708106250474672,0.6129773462783171,0.5993395566299922,0.6796116504854369,0.6727645869736526,0.6744405594405594,0.6725663466967815,0.9386949825132549,0.600817950315134,0.6002874803940023,0.95796336996337,0.9573484412538271,0.9912087912087912,0.9918820494700032,0.9918518518518518,0.9920761008139649,0.7215057369151832,0.9570210092945489,0.957856112088917,0.5065972222222223,0.478760062733235,0.5,0.47945268078736225,0.48423033869258114,0.4772043745727956,1.4302372502146283,0.4781381123203022,0.4806480215690742
13,9.677655698572327e-05,0.5854692556634304,0.5750508590900874,0.6310679611650486,0.6224840483107917,0.6280213903743316,0.6221607378129117,0.9665941512314633,0.5762656102306238,0.5755127799736496,0.5952430555555556,0.5714225014984343,0.65625,0.6315179252479024,0.6378647152640962,0.6373319662793346,1.0300761340434352,0.5770761918843733,0.5733847117794486,0.5958252427184466,0.5822697433592328,0.6407766990291263,0.6249075865033312,0.6263076923076925,0.6273282514586862,0.9671978871259103,0.5852109135980255,0.5835390018194365,0.9579340659340659,0.9570438471190016,0.9956043956043956,0.9958902730344942,0.9958836501102594,0.9959595959595958,0.7110426126347357,0.956003591270901,0.9585631683356268,0.5467361111111111,0.5209567553618978,0.59375,0.5701006581494387,0.5732965813743847,0.569332421964001,1.3498743279057204,0.5211683703968363,0.5210465937571201
14,9.622488058444311e-05,0.5938511326860841,0.5841702436684748,0.6407766990291263,0.6301754385964913,0.6320432586736935,0.6308563899868247,0.9628945146718072,0.5853301873205545,0.5849953604366648,0.5924305555555556,0.5688096939502548,0.6354166666666666,0.6043859186163059,0.6113714393510659,0.6111414900888585,1.028057171644436,0.5741613700054563,0.570532961190856,0.6011003236245954,0.5912418200723845,0.6504854368932039,0.6395800817539948,0.6401779448621554,0.6412187088274044,0.9638878508910392,0.5944980671494614,0.5927991436100132,0.9551575091575092,0.9548137105741021,0.9956043956043956,0.9953522929411254,0.9961904761904762,0.9945899674713236,0.6985060076538897,0.9548663227045944,0.9549344903299677,0.5184722222222222,0.48669565703655315,0.5416666666666666,0.49983236621534505,0.4987005347593583,0.5072909546593757,1.4124460761051278,0.4862811362362038,0.48972309561783245
15,9.563169422289798e-05,0.6018122977346279,0.5916773650762239,0.6504854368932039,0.6386893376753207,0.6407777777777779,0.6399472990777338,0.9529800832618788,0.5934245086486623,0.593247123407993,0.5930555555555556,0.5697096993994384,0.6354166666666666,0.606690723464179,0.6128442317916003,0.6115743905217589,1.0187207847378321,0.5738198944781997,0.5711340092655882,0.6,0.5876253125443982,0.6504854368932039,0.6422007028975669,0.6465608465608466,0.6475992847731978,0.9524042065050996,0.5958569450793006,0.5916332988267771,0.9696849816849817,0.9695036799205367,0.9956043956043956,0.9959042470578214,0.9957528089887641,0.996116504854369,0.6893094396311721,0.968272696962153,0.9709730270394263,0.5440972222222222,0.5185520177286563,0.6041666666666666,0.5834387351778656,0.5913871635610766,0.5812941444520392,1.2864212698678008,0.5205953352190037,0.518975886686413
16,9.499759518947156e-05,0.6030744336569579,0.5921761757447788,0.6407766990291263,0.6300341898683153,0.6304637681159421,0.6329183135704874,0.9555533547154522,0.5945440022191824,0.5939938546960286,0.5896875,0.566657922751274,0.6354166666666666,0.6060576197373653,0.6126834130781499,0.6125768967874231,1.018724521667593,0.5705650940045007,0.5677769423558897,0.6024595469255664,0.5885153577214348,0.6601941747572816,0.642002442002442,0.6485080221922328,0.6451148127235083,0.9764760701131666,0.5956449109115013,0.5915808300395258,0.9629304029304029,0.9626022846746695,0.9956043956043956,0.9957920246750385,0.9955555555555555,0.996116504854369,0.6775812804428212,0.9624554883003448,0.9629054429623215,0.5016666666666667,0.4694219961364392,0.5208333333333334,0.47883218904452474,0.4761471861471861,0.48196627933470043,1.4255983480247096,0.46736573591588304,0.4726436166173008
17,9.432322196814032e-05,0.6051132686084142,0.5941079753534995,0.6407766990291263,0.6300341898683153,0.6304637681159421,0.6329183135704874,0.9531779989764143,0.596626458780525,0.5960369188782233,0.5875,0.5646242232272302,0.65625,0.6264509484323726,0.6322109533468561,0.6311916154021417,1.0219266545938122,0.5688156679329213,0.5658461684514317,0.6226537216828479,0.6123243570768635,0.6990291262135923,0.6836570836570837,0.6875222672064776,0.6851581027667984,0.9257409043219483,0.615788461362612,0.6141229343120648,0.965062271062271,0.964580985999213,1.0,1.0,1.0,1.0,0.6705790629369436,0.9633538358065726,0.9660221089296221,0.5452083333333333,0.5227140237214318,0.5729166666666666,0.5525955204216073,0.5551693404634581,0.5521531100478468,1.3257488990990476,0.5226153357126605,0.5236622237411711
18,9.360925359557397e-05,0.6049514563106796,0.5937843448159488,0.6407766990291263,0.6300341898683153,0.6304637681159421,0.6329183135704874,0.9560835114767636,0.5963288594237754,0.5954516343559823,0.5869791666666667,0.5647774102565614,0.625,0.5969776800691904,0.6025356298269184,0.6034859876965141,1.026586521069209,0.5696018632737767,0.5659562542720438,0.5938834951456311,0.5778239419851385,0.6407766990291263,0.6261823063065298,0.6274883011725116,0.6265706757011104,0.9809279769408278,0.5798770979299781,0.5776358334901814,0.9589230769230769,0.9576747712485567,0.9934065934065934,0.993116471695226,0.9922222222222222,0.9941747572815534,0.6610399674094204,0.9560011966326621,0.9600495183275571,0.5274305555555555,0.4970883601752859,0.5625,0.5245476714447153,0.5273781291172595,0.5254727728411939,1.4044638584349376,0.4959213546065329,0.500559163059163
19,9.285640897740315e-05,0.6057281553398058,0.5945312929175836,0.6407766990291263,0.6300341898683153,0.6304637681159421,0.6329183135704874,0.952770201160684,0.5978967021321846,0.5963452851496329,0.5877083333333334,0.5657110265554269,0.625,0.5969776800691904,0.6025356298269184,0.6034859876965141,1.0268403783275022,0.5702338996199641,0.566879851143009,0.6097734627831716,0.599252927064137,0.6699029126213593,0.6555468409586057,0.6707191276156793,0.6568247694334651,0.9499808336037262,0.6090773261148861,0.6005070612961918,0.9709230769230769,0.9707034523761038,0.9934065934065934,0.9938091299138863,0.9935353535353535,0.9941512579541524,0.653331990746788,0.9701116101155179,0.9713421534215356,0.5375,0.5090609591468953,0.5520833333333334,0.5183184591666123,0.5276784067859118,0.5173843700159488,1.328059649899203,0.5130810298012753,0.5086420596946912
20,9.20654461643425e-05,0.6071197411003236,0.5955730246685815,0.6310679611650486,0.6162365294280188,0.6170476190476191,0.6186325992847731,0.9504424475581901,0.5990441996696082,0.5974935786435787,0.58875,0.5667264427877508,0.6354166666666666,0.6134287228404876,0.6195744389709906,0.6201526543631807,1.026979838187496,0.5709631257902889,0.5681019974177869,0.6096440129449838,0.5967333095352387,0.6601941747572816,0.6424751809411638,0.6483931612078064,0.6447524938829285,0.9477757610780907,0.6014914985774975,0.5995583411757325,0.9720879120879121,0.9714006126791478,0.9978021978021978,0.9973437179749949,0.9966666666666667,0.9980582524271846,0.6442354670601451,0.9698854767513133,0.9732876873952186,0.5453819444444444,0.5178802068316644,0.5625,0.5253692044389718,0.5282849503437739,0.528343586238323,1.355879828811866,0.5188461371073522,0.523243183716868
21,9.123716158889765e-05,0.6070226537216828,0.5952650361254739,0.6407766990291263,0.6249075865033312,0.6263076923076925,0.6273282514586862,0.9522393026475382,0.5992147222209565,0.5972901311249137,0.58875,0.5663239820947152,0.6458333333333334,0.6236491228070176,0.6276844070961718,0.6296764638869902,1.0280568864072364,0.5702920048689489,0.5677585630743526,0.6079935275080907,0.596623331430034,0.6407766990291263,0.6262814538676608,0.6392717086834734,0.6310671936758894,0.9611458856156729,0.6061900034124237,0.5996409937888199,0.9731135531135531,0.9727027898228722,1.0,1.0,1.0,1.0,0.6393273102267758,0.9717207681821882,0.9737691308166546,0.5380902777777777,0.5132347298475813,0.5520833333333334,0.5266611295681063,0.5321428571428571,0.5245272271588062,1.3549587393977849,0.5154349673201682,0.5123981544771019
22,9.037238926342547e-05,0.607831715210356,0.5960147301407547,0.6407766990291263,0.6235946316511101,0.6275303643724697,0.6264191605495953,0.9505733342888286,0.600711031598865,0.5980713438735178,0.589375,0.5667414148330027,0.6458333333333334,0.6236491228070176,0.6276844070961718,0.6296764638869902,1.029515852837099,0.5705023274656722,0.568120566567935,0.6237216828478964,0.6131093708154702,0.6796116504854369,0.6643086774004996,0.6762747780670274,0.6672200263504611,0.9279319640116398,0.6208919962423671,0.6152426093230441,0.9784615384615385,0.9783650832848989,1.0,1.0,1.0,1.0,0.6346130059350542,0.9779086468757455,0.9788550344823541,0.5304861111111111,0.5010311984077555,0.5729166666666666,0.5381960748921306,0.5412121212121213,0.5402711323763956,1.355301555388004,0.5018530733358292,0.502968026125921
23,8.947199994035403e-05,0.61,0.5982450317555092,0.6601941747572816,0.6463777799981683,0.6505173189383716,0.6494005270092227,0.9491844142023413,0.6035954540700076,0.6005694366020453,0.5911805555555556,0.5683440144226843,0.6458333333333334,0.6228992065053447,0.6274991292232672,0.6282410571884255,1.024820346708099,0.5716425601975657,0.5698721424774057,0.6233980582524272,0.6128443345773036,0.6796116504854369,0.6650614910963344,0.6750348722484945,0.6684914361001317,0.9392894592775111,0.6202337889809245,0.615973116255725,0.9721831501831502,0.9714440975369281,0.9956043956043956,0.995228599914542,0.9944194756554307,0.996116504854369,0.6247991094397101,0.9702192641293603,0.9728897580629303,0.5606944444444445,0.5289694318906469,0.59375,0.5623644997288239,0.5664515636918384,0.5617566643882433,1.2574442193554338,0.5280515814769258,0.5313282448545606
24,8.853690023540897e-05,0.6106796116504855,0.5988410049645427,0.6699029126213593,0.6564926528206823,0.6638926375768481,0.657733860342556,0.9492962894856352,0.605197333269978,0.6012399648660518,0.5940625,0.570733525044827,0.6458333333333334,0.6238952972493346,0.6261638945849473,0.628673957621326,1.0201851076053248,0.5735837884928255,0.5722410571884256,0.6046278317152104,0.5911348507818374,0.6310679611650486,0.6082267206477733,0.623344280240832,0.6124957651044608,0.9735622874085572,0.6014304728606958,0.5929762312566661,0.9767032967032967,0.9766283877506721,1.0,1.0,1.0,1.0,0.6204207713438041,0.9758391107496085,0.977488652513609,0.5527083333333334,0.5225804385297075,0.5625,0.5308932233110388,0.5303934077618288,0.5344839371155161,1.3055901693661427,0.5209480051853081,0.5258268018531177
25,8.756803171472816e-05,0.6116828478964401,0.599610392265684,0.6699029126213593,0.6564926528206823,0.6638926375768481,0.657733860342556,0.9506323180846797,0.6063259247540467,0.6017524468285338,0.5943402777777778,0.5707183457911288,0.6354166666666666,0.6132307692307692,0.6175070028011204,0.6191501480975166,1.0204550012449423,0.5735996827297826,0.5723284347231715,0.6053398058252427,0.5879969952769758,0.6601941747572816,0.634062893081761,0.6517027417027417,0.6369489930359495,0.9754122255380872,0.6029399985806472,0.5895276240667545,0.9739047619047619,0.9734809905299768,1.0,1.0,1.0,1.0,0.6192348529602583,0.9727457284149466,0.9742838644318272,0.5624652777777778,0.5284649176248835,0.6041666666666666,0.5581124998516303,0.5573232323232323,0.5641376167691956,1.2874730014554698,0.5277526574993302,0.5308854332801701
26,8.656636994678445e-05,0.6127831715210356,0.6002376661716231,0.6699029126213593,0.6564926528206823,0.6638926375768481,0.657733860342556,0.9464791818575566,0.6075547410905899,0.6021348171152519,0.5966666666666667,0.572558265943407,0.65625,0.6326469483814064,0.6370238095238094,0.6381977671451355,1.0152389322552415,0.575526577857893,0.5741234145970988,0.6110355987055016,0.595568691179955,0.6310679611650486,0.6066528066528065,0.626223492531809,0.6115866741953699,0.9483353693238354,0.6071446370203144,0.5968311688311688,0.9818388278388278,0.9817973787185638,1.0,1.0,1.0,1.0,0.6137602821060153,0.9817680201243537,0.9818294692913321,0.5786805555555555,0.5541885299282928,0.6145833333333334,0.5907450727326504,0.6036772486772487,0.5875142401458191,1.2661439702815527,0.5562332751374084,0.5535797068428647
27,8.553292352007097e-05,0.6129126213592233,0.6000695046133085,0.6601941747572816,0.6421578659144667,0.6510721247563354,0.6434481460568416,0.9449281677381892,0.6076928431490319,0.6017103613777527,0.5986111111111111,0.573870262969145,0.6666666666666666,0.6411228070175439,0.6467731829573935,0.6472886762360446,1.0113840656727553,0.5767799053126147,0.5754573555099871,0.6281553398058253,0.6137398130713135,0.6990291262135923,0.6744362304362305,0.7098314752398237,0.6736156597026162,0.916616123123848,0.622314507841171,0.6137069389547649,0.9793479853479854,0.978737019121305,0.9978021978021978,0.9973437179749949,0.9966666666666667,0.9980582524271846,0.604519598105015,0.9780940340674498,0.9794342567767188,0.5759722222222222,0.552827154350506,0.6041666666666666,0.5863198183929891,0.5912878787878788,0.584563681932103,1.2294276502963435,0.5526661790607501,0.554227348674717
28,8.446873302753784e-05,0.6156310679611651,0.6031905006422544,0.6796116504854369,0.664817917810399,0.6747252747252748,0.6668247694334651,0.9419786000097454,0.6118501289725509,0.6051235648409561,0.6013541666666666,0.5763375552242169,0.6458333333333334,0.6232677311074524,0.626078431372549,0.6276714513556618,1.0067506036493514,0.5786679608759115,0.5778094858358017,0.6237216828478964,0.6137969081699076,0.6601941747572816,0.6468903962165417,0.6652923251055679,0.6518247694334651,0.9294811721257021,0.6224553787937406,0.6164469634230504,0.9771428571428571,0.9771624190615542,1.0,1.0,1.0,1.0,0.6006444548049689,0.9762440458027676,0.9781560079591622,0.5779166666666666,0.5575216919811241,0.6041666666666666,0.5890010269415304,0.5904415188168048,0.5880041011619959,1.2450475563363133,0.5583620235277151,0.5575028100554417
29,8.337487001880352e-05,0.616084142394822,0.6034673570350405,0.6796116504854369,0.664817917810399,0.6747252747252748,0.6668247694334651,0.9408595128892695,0.6121605060710937,0.6054560668799799,0.6036805555555556,0.5785911087278373,0.6666666666666666,0.642546265328874,0.6473251310093415,0.64585326953748,1.0028741707652806,0.5808332535503666,0.5800357332725754,0.6174757281553398,0.6046393530121861,0.6990291262135923,0.6779930025925647,0.6961011154723121,0.6803256164125729,0.938665314870359,0.6147136401895594,0.6070292113683419,0.9822197802197802,0.9818372133391323,1.0,1.0,1.0,1.0,0.5986620661321577,0.9811676522412741,0.9825589529379632,0.5743055555555555,0.5450105906077274,0.625,0.5787460272111435,0.589095928226363,0.5837548416495785,1.2571577804683813,0.5482212863602773,0.545356345408977
30,8.225243592119501e-05,0.6169255663430421,0.6046224036467454,0.6893203883495146,0.6741393866522614,0.6901848095560064,0.6759156785243742,0.94051834070181,0.6142321730249483,0.6065290607942782,0.6058333333333333,0.5801769262569931,0.6666666666666666,0.642546265328874,0.6473251310093415,0.64585326953748,1.0008538582010402,0.5823959542866584,0.5813986101617681,0.6177669902912621,0.6084818065300903,0.6990291262135923,0.6920695549661067,0.7158333333333333,0.6961537737624695,0.9421975085881922,0.6213461063603338,0.6120557155404981,0.9833406593406594,0.9830923340515907,1.0,1.0,1.0,1.0,0.5939723798067142,0.9825968416107163,0.9836069342543723,0.5756597222222222,0.5504771542444945,0.6354166666666666,0.6173160173160173,0.6315410837149967,0.6132718159033949,1.2513261901145742,0.5566861005468958,0.5490858206121364
31,8.110256093070391e-05,0.6177993527508091,0.6049130942564271,0.6990291262135923,0.6838258004890512,0.6982369912923987,0.6859156785243742,0.9402988260617919,0.6146867976366963,0.6067852123721689,0.6073611111111111,0.5811315187760682,0.6458333333333334,0.6158550922761449,0.6199248120300751,0.6186602870813397,0.9991969234165218,0.5833981784264064,0.5822947900053164,0.6128478964401295,0.5969049556352465,0.6601941747572816,0.6352226720647773,0.6611220580186097,0.6406775832862789,0.9551222083830911,0.6091374985515825,0.5989810057092665,0.9832454212454212,0.9829039150572075,1.0,1.0,1.0,1.0,0.5904172951415344,0.9821024681893398,0.9837646466622253,0.5629513888888888,0.538758591236354,0.625,0.5984457313274301,0.601572502518794,0.5980405559352928,1.2673121935761167,0.5401851223305583,0.5388406242879926
32,7.992640287397496e-05,0.6167961165048543,0.6035967783454922,0.6893203883495146,0.6691947172865393,0.6855330285884359,0.6716299642386598,0.9410715138719306,0.6133334780076514,0.6053188970449839,0.6090972222222222,0.5827410910470252,0.6458333333333334,0.6158550922761449,0.6199248120300751,0.6186602870813397,0.9984294403178824,0.5849648538449796,0.5839783929520771,0.6277993527508091,0.6148232038808648,0.7087378640776699,0.6913032164159983,0.7217934683451925,0.6875061170713344,0.9314544136238715,0.6205642739753892,0.614753924336533,0.9789230769230769,0.9786416141810431,1.0,1.0,1.0,1.0,0.5863018626118754,0.97815142947575,0.9791975427511558,0.5423263888888888,0.5146130068853012,0.5520833333333334,0.5220629988806244,0.5215329991645781,0.5262588288904079,1.3559832242138852,0.5130737656112936,0.5175350877192982
33,7.872514604247259e-05,0.6169255663430421,0.6036290134397165,0.6990291262135923,0.6779930025925647,0.6961011154723121,0.6803256164125729,0.9414896843579981,0.6137072092955396,0.6051361377752682,0.6103819444444445,0.5838943655904263,0.6458333333333334,0.6158550922761449,0.6199248120300751,0.6186602870813397,1.000517265672485,0.5862573213039357,0.5849870129870129,0.6155016181229773,0.6033693417008232,0.6601941747572816,0.6376190476190475,0.6653879453879454,0.6415970261622436,0.9542594188008108,0.6170692797286297,0.6045236495388668,0.9827326007326007,0.9826580994837812,1.0,1.0,1.0,1.0,0.583622708435897,0.9823196313875753,0.9830119623666409,0.5392361111111111,0.5146446632335181,0.6041666666666666,0.5795848595848596,0.5791304347826087,0.5808612440191387,1.3380273134647658,0.5138427080314435,0.5160606820080504
34,7.75e-05,0.6193203883495145,0.606410692185292,0.6893203883495146,0.6682993603911825,0.6888069334316799,0.6703256164125729,0.9361149406201631,0.6170695936597002,0.6077082219712654,0.6117708333333334,0.5848949494188542,0.65625,0.6252985965071056,0.6275828460038986,0.6281840966051493,0.9992948023643758,0.5873785619370335,0.5858584719374192,0.6249190938511326,0.6136065063721274,0.7087378640776699,0.6938518518518519,0.7302947052947053,0.6962883493318277,0.9334236234600104,0.629850933214994,0.6143323608758392,0.9863369963369963,0.9863536422002351,1.0,1.0,1.0,1.0,0.5802824744523227,0.9862785593091564,0.9864348984189591,0.5451041666666666,0.5161584353793601,0.5833333333333334,0.5403607748552088,0.553844611528822,0.5432216905901116,1.3164045660291204,0.5207785805674511,0.5158541809068125
35,7.625219836477074e-05,0.6207119741100323,0.6082291988960876,0.6796116504854369,0.6588482328482328,0.6822332349867846,0.6619922830792395,0.9325661876286504,0.6189894179257875,0.6095752650730912,0.6136458333333333,0.5870171378385801,0.65625,0.6252985965071056,0.6275828460038986,0.6281840966051493,0.9999750843726927,0.5896184920434607,0.5878407761828814,0.6236569579288026,0.6100408929928055,0.6601941747572816,0.6403817663817664,0.6636520737327188,0.6429013739883305,0.9368136676499758,0.624721522707986,0.6114092007026789,0.9876703296703296,0.987623454615487,1.0,1.0,1.0,1.0,0.5769118285170405,0.9870746314047325,0.9881952846899242,0.5568055555555556,0.5332999409197539,0.5833333333333334,0.5519318923970087,0.5532900432900434,0.5545340624287993,1.283261581046105,0.5325032111648842,0.5344859117490697
36,7.498299756725986e-05,0.6231391585760517,0.6111290812722456,0.6893203883495146,0.6676377829208018,0.6954411764705882,0.6706879352531526,0.9298974887375693,0.6221964518251779,0.6125999215760085,0.6145486111111111,0.5879532909882441,0.65625,0.6252985965071056,0.6275828460038986,0.6281840966051493,1.0017469959788852,0.590493656612705,0.5887042606516291,0.6330744336569579,0.6220359085141134,0.7281553398058253,0.7197562268150504,0.7402943405478902,0.7218784114436289,0.9229536416769799,0.6360169698287558,0.624696442687747,0.9870695970695971,0.9868120307329338,0.9978021978021978,0.9973437179749949,0.9966666666666667,0.9980582524271846,0.5731776902562095,0.9862574188263091,0.9874048910145644,0.5571875,0.5286430811561061,0.6354166666666666,0.600265601037247,0.5990430622009569,0.6018569150148098,1.3124660762523508,0.5293495918691331,0.5287335383914331
37,7.369367558508489e-05,0.6229126213592233,0.6111510194194928,0.6893203883495146,0.6669711162541352,0.6953654188948306,0.6706879352531526,0.9317766680455131,0.6228407266570819,0.6130385657820441,0.6163541666666666,0.5895109065998481,0.6458333333333334,0.6170345003548107,0.6180309164519691,0.6190931875142403,1.000541919519504,0.5918449564774388,0.590127591706539,0.6277022653721683,0.6159874673768578,0.6893203883495146,0.6733306606371622,0.6933352651405389,0.6821974402409186,0.9328436892395267,0.6308999757628688,0.6191775519166823,0.986051282051282,0.9856683077127528,1.0,1.0,1.0,1.0,0.5698150736455951,0.9851633412897576,0.9861988005333414,0.5510416666666667,0.5259342971932683,0.59375,0.5644915936776401,0.5702272727272726,0.5631920710868079,1.3017112978099175,0.5300351982429671,0.5257693476114529
38,7.238553065619079e-05,0.6229449838187703,0.6107725801440951,0.6893203883495146,0.6669711162541352,0.6953654188948306,0.6706879352531526,0.9367285587795344,0.6229246644924117,0.6125617949683166,0.6182291666666667,0.5912572927481438,0.65625,0.626265478682831,0.6259503303713829,0.6286169970380497,1.0006266584495704,0.5935976361100568,0.5917966127439811,0.6102588996763754,0.5963157743575201,0.6796116504854369,0.6619804332634521,0.6820970695970695,0.6658827404479578,0.9837893403232291,0.6110671162145376,0.5980838038772822,0.9871648351648352,0.9869154758043692,1.0,1.0,1.0,1.0,0.5658530231683683,0.9864057342890741,0.9874472804836503,0.5708333333333333,0.549074318973308,0.6041666666666666,0.5801635079895948,0.5822696068233826,0.5794258373205742,1.24715887960852,0.549947067499264,0.548413230044809
39,7.105987997163423e-05,0.6241423948220065,0.612142729508368,0.6893203883495146,0.6669711162541352,0.6953654188948306,0.6706879352531526,0.9356078910441846,0.6246553061796989,0.6137925308990526,0.6194444444444445,0.5922657130359239,0.65625,0.626265478682831,0.6259503303713829,0.6286169970380497,1.0014394988616309,0.5947487199623602,0.5928040935672514,0.6305825242718447,0.6185780343003155,0.6699029126213593,0.6543673537791185,0.675364721485411,0.6571870882740448,0.9281377042227192,0.6311900452472329,0.6194616977225673,0.9837875457875458,0.9838063573996674,0.9978021978021978,0.9980458044374538,0.9981308411214954,0.997979797979798,0.5637366093052176,0.9834590075037406,0.9841779072409971,0.5769791666666667,0.5471074328975438,0.59375,0.5617356801818485,0.561244019138756,0.5631920710868079,1.2528569193759198,0.5458753853079112,0.5493231184020658
40,6.9718058349284e-05,0.6251779935275081,0.6125786537293321,0.6796116504854369,0.6569686609686609,0.6881231671554252,0.6606879352531526,0.9356850067465823,0.6250855703327267,0.6139295752556622,0.6221875,0.594564676726608,0.65625,0.626265478682831,0.6259503303713829,0.6286169970380497,0.9990245930436584,0.596958975483543,0.5952272347535505,0.6266019417475728,0.6129938815660203,0.6990291262135923,0.680994708994709,0.7074388514711096,0.6833069828722003,0.9414194340073175,0.6255873365733369,0.613906838572056,0.9901025641025641,0.9898134581729693,1.0,1.0,1.0,1.0,0.5642398751349677,0.9891449404003003,0.9905190223757107,0.5810069444444445,0.5534354522047423,0.6041666666666666,0.5717185707793192,0.5818576998050682,0.5717133743449534,1.22311864148308,0.5555692407152406,0.5533312827523353
41,6.836141688977237e-05,0.625242718446602,0.6130181809565165,0.6796116504854369,0.6569686609686609,0.6881231671554252,0.6606879352531526,0.9375953177109505,0.6263270125868753,0.6145533032185206,0.6227777777777778,0.5947980566844018,0.65625,0.6261543844041864,0.6262055137844611,0.6286169970380497,0.9986092346492741,0.5971579993896458,0.5954150148097517,0.6154368932038835,0.6027566645105986,0.6893203883495146,0.670077082646742,0.7084661172161172,0.6753359683794466,0.9790414816006102,0.6229972213381916,0.6061931959345003,0.9892967032967033,0.9890577263091747,1.0,1.0,1.0,1.0,0.5600678760944269,0.9883109594993276,0.9898693823145498,0.5594444444444444,0.5295651404736362,0.59375,0.5685817805383022,0.5767828282828283,0.5687628161312372,1.2379326718439068,0.5327162292590422,0.5309628996734259
42,6.699132161605159e-05,0.6243689320388349,0.6118706999398669,0.6796116504854369,0.6604500688909825,0.689120879120879,0.6666403162055337,0.942560142861215,0.6264333531206306,0.6136393594328378,0.6227777777777778,0.5941986696410477,0.6666666666666666,0.6365891727593855,0.6374920634920636,0.6377079061289588,0.9982025443265835,0.5965528719330611,0.5946901724006988,0.6231715210355987,0.6087010294925008,0.6893203883495146,0.6683118172790466,0.6890512265512265,0.6715970261622435,0.9638992618935779,0.6241195243561654,0.6105699698851873,0.9898168498168498,0.9898010436394232,1.0,1.0,1.0,1.0,0.5566055346871471,0.9899110654257045,0.9896950864865465,0.5754861111111111,0.546394145718321,0.6354166666666666,0.601321527686005,0.6058907563025211,0.6014240145819093,1.2441165645816337,0.5480062167604061,0.5463398268398268
43,6.560915209792424e-05,0.6250161812297734,0.6124684509399059,0.6796116504854369,0.6604500688909825,0.689120879120879,0.6666403162055337,0.9424239020903133,0.6269557295609538,0.6142759991216513,0.6234375,0.5944349476143751,0.6666666666666666,0.6365891727593855,0.6374920634920636,0.6377079061289588,0.9977061210241582,0.5965911633160453,0.5950149616465408,0.6270550161812297,0.6125824852162837,0.6893203883495146,0.6711396011396011,0.6814533016892363,0.6775494071146244,0.9460152725340094,0.6241021341592756,0.6145293650793651,0.9884615384615385,0.9880445743209728,1.0,1.0,1.0,1.0,0.5532967727839292,0.988410398378895,0.987722166008975,0.5414930555555556,0.5124237520612833,0.53125,0.4851461988304093,0.4881425479890953,0.49363180678970153,1.307138030110242,0.512710296953516,0.5130623908255487
44,6.421630006293359e-05,0.6255016181229773,0.6127479525092286,0.6699029126213593,0.6522338269286105,0.6751635720601238,0.6575494071146245,0.9451304186509265,0.6274740678301697,0.614688684986511,0.6246527777777777,0.5950743691491851,0.65625,0.6192171278848128,0.6191803751803752,0.6210412394622921,0.9961618409471379,0.5969492901796069,0.5957318675476571,0.6212621359223301,0.6083295973179343,0.6504854368932039,0.6311910729203962,0.6622211122211122,0.6345680406549972,0.9574349739867892,0.6255187485511579,0.6098293337097684,0.990007326007326,0.9899211454091447,1.0,1.0,1.0,1.0,0.5531280383487325,0.9897978294209331,0.9900490652136078,0.5860763888888889,0.5534049244186663,0.6354166666666666,0.5924717009368173,0.5976190476190476,0.5942811574390522,1.2445493609242682,0.5582142607091614,0.552574390521759
45,6.281416799501189e-05,0.6270550161812297,0.6144516057739534,0.6796116504854369,0.6604500688909825,0.689120879120879,0.6666403162055337,0.9415274534333485,0.6289916825745986,0.6163653240479328,0.6251388888888889,0.595392145825804,0.6666666666666666,0.6365891727593855,0.6374920634920636,0.6377079061289588,0.9944400702830818,0.5972615247873893,0.5961566036302879,0.6471197411003237,0.6359789971965043,0.7572815533980582,0.7436462585034014,0.7693643423482133,0.7420459250894034,0.8941711065414268,0.6468124879554644,0.6375716795282014,0.9905274725274725,0.99040860926333,1.0,1.0,1.0,1.0,0.5485102424516783,0.9901431334326588,0.9906870182874403,0.5911805555555556,0.5638798781599782,0.6458333333333334,0.6086180486180487,0.6075174101261057,0.6109478241057189,1.1891367212311397,0.5642971620275387,0.5641512113617376
46,6.140416772229785e-05,0.6275404530744336,0.6149637948747194,0.6796116504854369,0.6604500688909825,0.689120879120879,0.6666403162055337,0.9436922115415431,0.6295063906042941,0.6169863448146057,0.6257986111111111,0.596172557611746,0.6666666666666666,0.6365891727593855,0.6374920634920636,0.6377079061289588,0.9946993731210629,0.5976557116155251,0.5970316700843018,0.6292880258899677,0.6181190823713494,0.7087378640776699,0.6949403190052277,0.720605359552728,0.7022303783173349,0.9463062802680487,0.6335153957793915,0.6221572683355292,0.9889523809523809,0.9888821596280277,1.0,1.0,1.0,1.0,0.5472413113807146,0.9885969831589962,0.9891929767243756,0.5729166666666666,0.5492951164314797,0.6041666666666666,0.5798456394686504,0.5793656381757067,0.5817270448849396,1.238334359974176,0.5490823780795361,0.5500734791524265
47,5.99877189955455e-05,0.6275404530744336,0.6151724842432683,0.6796116504854369,0.6614643446222395,0.6948198038520619,0.6666403162055337,0.9425617707200035,0.6293737415792324,0.6172050944224857,0.6274305555555556,0.5976021962249589,0.6458333333333334,0.6088741743350049,0.6077685121895648,0.611950330371383,0.9946532788955503,0.5989610537120554,0.598565124933546,0.6358576051779935,0.6254099105291261,0.6893203883495146,0.6751089248580441,0.7079365079365079,0.6838970449840016,0.9197197051495796,0.6382450801962716,0.6278753434970826,0.99007326007326,0.9898198378975926,1.0,1.0,1.0,1.0,0.5452265587726355,0.9895018088255725,0.9901521383713657,0.5819791666666667,0.5548410220623673,0.6145833333333334,0.5887809843062302,0.5932386598908338,0.5879471405787196,1.2324990511035068,0.557746178431568,0.5552766765398344
48,5.8566248058555496e-05,0.6296116504854369,0.6172398563344308,0.6796116504854369,0.6616365036179277,0.6951553618794998,0.6666403162055337,0.9377931998231265,0.6317075800920597,0.6192389579020013,0.6282291666666666,0.5980539445304068,0.65625,0.6184092691075836,0.6172421964000911,0.6224766461608567,0.9930710804131296,0.5994031237477205,0.5991099339257234,0.6268932038834951,0.6128503534131056,0.6699029126213593,0.6472794472794473,0.683397435897436,0.6540212685864859,0.9396554368252121,0.6311339329274385,0.6144047368090846,0.9891135531135531,0.9890616444275633,0.9978021978021978,0.9980193651182743,0.998,0.9980582524271846,0.5420493380787609,0.9892193814262835,0.9889270898372942,0.5897916666666667,0.5602750116367768,0.6041666666666666,0.562753800578291,0.5630325814536341,0.5675780359990886,1.1921851245201454,0.5622438367549385,0.5606741095162148
49,5.7141186212068416e-05,0.6296763754045307,0.6175509631585523,0.6990291262135923,0.6850089522733953,0.7125821018062396,0.6909260304912479,0.938326005156372,0.63230892916012,0.6196542756760148,0.6276736111111111,0.5970135974900679,0.6666666666666666,0.6289242996482881,0.6282948279790386,0.6315675552517658,0.9934406376795636,0.5981913531895845,0.5981566036302879,0.6355016181229773,0.6247882086029595,0.7087378640776699,0.6964219949934236,0.7127559644547474,0.7001684547336721,0.9387108778066233,0.6397663103864409,0.6268132034632035,0.9915750915750916,0.9912638840488059,1.0,1.0,1.0,1.0,0.5417773496082852,0.9911269764725738,0.9914063903890501,0.5601388888888889,0.5311348969593828,0.5833333333333334,0.5535846042046856,0.5547749809305873,0.5541011619958989,1.298119529417874,0.5318376430583792,0.5309944938102833
50,5.571396837256635e-05,0.6305825242718447,0.6188283867315196,0.6990291262135923,0.6850089522733953,0.7125821018062396,0.6909260304912479,0.937536390452709,0.6337158418737248,0.6211324142041533,0.6285069444444444,0.5978302850745829,0.6666666666666666,0.6289242996482881,0.6282948279790386,0.6315675552517658,0.996046717448367,0.5987508875830632,0.5990920862762967,0.6367961165048543,0.626489289955054,0.6990291262135923,0.6913700271249514,0.7044887955182073,0.6957585168454734,0.9375207843170968,0.6379847244688243,0.6290475908149822,0.9914798534798535,0.9913654782032651,1.0,1.0,1.0,1.0,0.5404493047806807,0.990989249042183,0.9917657053916535,0.5709722222222222,0.5444579720975213,0.6041666666666666,0.571874715437059,0.5713374344953293,0.5741512873091821,1.2391600457252696,0.5431894844452342,0.5467544619123567
51,5.428603162743364e-05,0.632653721682848,0.6208030605476923,0.6796116504854369,0.6680200412614207,0.6887725779967159,0.6731394692264259,0.9346871128205728,0.6356493010090516,0.6229528546332894,0.6279861111111111,0.596905115979416,0.6666666666666666,0.6289242996482881,0.6282948279790386,0.6315675552517658,0.9958273103253709,0.5976678458415019,0.5982781954887217,0.6268932038834951,0.6137488442306888,0.7087378640776699,0.6923116883116884,0.7269047619047619,0.6882636928289101,0.9565903566184553,0.6342789496655723,0.6160133948177425,0.9916043956043956,0.9914148427894662,1.0,1.0,1.0,1.0,0.5394391612718393,0.9916144863710452,0.9912231671792163,0.585625,0.5617845353584625,0.625,0.6001957250949828,0.6027959226128563,0.6003417634996582,1.2156037364450665,0.5628185370286947,0.5619032049821523
52,5.285881378793159e-05,0.6330097087378641,0.6212272162219398,0.6990291262135923,0.6861658145650885,0.7095498889210857,0.6922303783173349,0.933585618151816,0.6363437317620612,0.6233964991530209,0.6288888888888889,0.5976310616419612,0.65625,0.6192171278848128,0.6191803751803752,0.6210412394622921,0.995564071122143,0.5982623951542174,0.5990502012607276,0.627378640776699,0.6143665780607905,0.7087378640776699,0.6892569659442724,0.7272727272727273,0.6944268774703557,0.9569125156726652,0.6328163365707375,0.6166469100947362,0.991992673992674,0.9919334895500851,1.0,1.0,1.0,1.0,0.536232714285344,0.9916947974742477,0.9921828231625069,0.5743402777777777,0.5501091915261245,0.6145833333333334,0.5935064935064935,0.6079480101219231,0.5889496468443837,1.2608231335298579,0.5530038608457063,0.5494908103592314
53,5.1433751941444515e-05,0.633462783171521,0.6215302382411014,0.6990291262135923,0.6861658145650885,0.7095498889210857,0.6922303783173349,0.935843049615718,0.6367337730372628,0.6235927536231884,0.6298263888888889,0.5985563965085972,0.65625,0.6192171278848128,0.6191803751803752,0.6210412394622921,0.9947871773524417,0.5991589743399117,0.5998459785828205,0.6223948220064724,0.606226079781938,0.6699029126213593,0.6409858846700952,0.6658412176059236,0.647673630717109,0.9762911476286484,0.6204619375730245,0.6074041564715478,0.9914358974358974,0.9912635082322945,1.0,1.0,1.0,1.0,0.5353432918651637,0.9912749583723336,0.9912572236361648,0.5760763888888889,0.548210449018212,0.625,0.5900919062436177,0.5940238095238095,0.5904647983595352,1.2316878069705481,0.5487965282726919,0.5481974633553581
54,5.0012281004454516e-05,0.6343365695792881,0.6220530614975155,0.6990291262135923,0.6861658145650885,0.7095498889210857,0.6922303783173349,0.9336527761517991,0.6369951148553994,0.6240589591567852,0.6308680555555556,0.5994468975917866,0.65625,0.6192171278848128,0.6191803751803752,0.6210412394622921,0.9929760075608889,0.5999569945131078,0.6008004480899217,0.6304854368932039,0.615039355611237,0.7184466019417476,0.6950562017125483,0.7356239298227129,0.6984744965179748,0.938093770676832,0.6311811645905501,0.6157852688374428,0.9925567765567765,0.9925902323755531,1.0,1.0,1.0,1.0,0.5344109717218867,0.992694501342665,0.9924919624046933,0.5742361111111111,0.5492473522982562,0.6354166666666666,0.6109478241057189,0.6168652400231347,0.6085668717247665,1.243716234892444,0.5514974778906006,0.549451165793271
55,4.859583227770217e-05,0.6330744336569579,0.6205266956929552,0.6990291262135923,0.6861658145650885,0.7095498889210857,0.6922303783173349,0.937617143550737,0.6357521933347046,0.6225692860279816,0.6311111111111111,0.5991810289152684,0.65625,0.6192171278848128,0.6191803751803752,0.6210412394622921,0.9935611366811726,0.5996139696461338,0.6005490620490621,0.6369255663430421,0.6230694447988596,0.7184466019417476,0.7019054780756908,0.7204915966386555,0.7092264257481649,0.9319809390310331,0.6357141291399326,0.6247477727586424,0.9935311355311355,0.9933730222967572,1.0,1.0,1.0,1.0,0.5328223740844935,0.9929510015348406,0.9938105846222655,0.5643402777777777,0.5382367518553279,0.59375,0.5644194244800917,0.5662698412698413,0.5636249715197084,1.2739554333970273,0.541069903857023,0.5363116883116883
56,4.718583200498814e-05,0.6335598705501618,0.6207927207501938,0.6990291262135923,0.6861658145650885,0.7095498889210857,0.6922303783173349,0.9361033078922038,0.6361959859083435,0.6226931175105088,0.6308333333333334,0.5985806171226109,0.65625,0.6192171278848128,0.6191803751803752,0.6210412394622921,0.9959984208891789,0.5990975774526797,0.5999580010632642,0.6387702265372168,0.6272099625039204,0.7184466019417476,0.703620559334845,0.7243015347854057,0.7079550159984942,0.9234091412635297,0.6417657937364064,0.6291122843340236,0.9938681318681318,0.9936760930398402,1.0,1.0,1.0,1.0,0.5316740726455227,0.9934924706077963,0.9938641425651161,0.5642013888888889,0.5340446004122048,0.59375,0.5620718816067652,0.5618633540372671,0.5646274777853726,1.255211873719893,0.5337716379619216,0.5352729930887825
57,4.578369993706643e-05,0.6333980582524272,0.6202542313553244,0.6893203883495146,0.6732189017903304,0.6947637814430982,0.6775494071146244,0.9381904961839077,0.635513303996477,0.6218859715164063,0.6309375,0.5983299606312357,0.65625,0.6192171278848128,0.6191803751803752,0.6210412394622921,0.9977602000700103,0.59885167220187,0.59980789093947,0.6355987055016181,0.6218883779900312,0.6796116504854369,0.6592967704546652,0.6867370769647809,0.6636589497459063,0.9356731832683279,0.6348592656449926,0.6227610609197566,0.9933699633699634,0.9931497314197564,1.0,1.0,1.0,1.0,0.529991260953002,0.9928722288257983,0.9934326092024847,0.5715277777777777,0.5416041550502538,0.625,0.5946176260377151,0.5989287541103397,0.5937685121895648,1.23099018224094,0.5420950033087663,0.5422558289663553
58,4.439084790207576e-05,0.633915857605178,0.621039446624277,0.6893203883495146,0.6778657236785316,0.6957403651115619,0.6831394692264258,0.9392844868632196,0.6363603259039691,0.6228036420101638,0.6307291666666667,0.5980642728817086,0.65625,0.6192171278848128,0.6191803751803752,0.6210412394622921,1.0003276089164945,0.5985530377116697,0.5995798967114756,0.6292556634304207,0.6181904518296337,0.7184466019417476,0.7080015762368703,0.7439655172413793,0.7139403350272915,0.9467122011624493,0.636238995635582,0.6217314731162558,0.9913406593406593,0.9912350034801829,1.0,1.0,1.0,1.0,0.5272728877862295,0.99102284115926,0.9914540933101955,0.5879513888888889,0.562236803481497,0.6458333333333334,0.6125205320994794,0.628095238095238,0.6105149236728185,1.2059270572655028,0.5664015030556052,0.5611320726057568
59,4.3008678383948434e-05,0.6347249190938511,0.621657294027643,0.6990291262135923,0.6809173297895103,0.7059074525867695,0.6866403162055336,0.939063127534675,0.6367680425436825,0.623667011732229,0.6317361111111112,0.5990969199004803,0.65625,0.6192171278848128,0.6191803751803752,0.6210412394622921,1.0016024427612622,0.5994213324533872,0.600659299764563,0.6366990291262136,0.6245625109338007,0.6990291262135923,0.6801889338731444,0.7169471811713192,0.6870355731225297,0.9305437538731831,0.6383145548008611,0.6277145711776146,0.9923882783882784,0.9923343268885725,1.0,1.0,1.0,1.0,0.5271203044744638,0.9919555707653958,0.9927255941075617,0.5695486111111111,0.5429333762135414,0.5833333333333334,0.5535568798756547,0.5552380952380952,0.5541011619958989,1.263857273255862,0.5432232145630002,0.543094592541961
60,4.163858311022764e-05,0.6341423948220065,0.620845096329052,0.6990291262135923,0.6809173297895103,0.7059074525867695,0.6866403162055336,0.9411598129411346,0.6363437704428374,0.622765744400527,0.6323611111111112,0.5995783911740785,0.65625,0.6192171278848128,0.6191803751803752,0.6210412394622921,1.0012528246392807,0.5999860215403902,0.601114186982608,0.6301618122977346,0.6169312819681008,0.7087378640776699,0.689191232048375,0.7130137395459976,0.694064558629776,0.9612922056708907,0.6311382270812517,0.6192585513520297,0.993934065934066,0.993722210249621,1.0,1.0,1.0,1.0,0.5243102510700296,0.9934494067945001,0.9940036349447281,0.5723263888888889,0.5465099130549105,0.59375,0.5646271777003484,0.5733116883116882,0.5617566643882433,1.2330469980081504,0.5483251274193495,0.5458642059694692
61,4.0281941650716037e-05,0.6339805825242718,0.6206241603397185,0.7087378640776699,0.6892292292292292,0.7212106678899849,0.6957312252964426,0.9403704072047977,0.6356162148911433,0.622610505677897,0.6332291666666666,0.6005511809006238,0.65625,0.6192171278848128,0.6191803751803752,0.6210412394622921,1.0004146276662746,0.6010182887523398,0.6020880230880231,0.633495145631068,0.6205919386418085,0.6893203883495146,0.6708268565411423,0.7032973018267137,0.6766403162055336,0.945986657640309,0.6364428716337346,0.623272849614154,0.9938388278388278,0.9936793270708068,1.0,1.0,1.0,1.0,0.5245790805449853,0.9937064800528214,0.9936553178317222,0.5854513888888889,0.5587344403834043,0.6041666666666666,0.5812595695507727,0.5824675324675325,0.5817270448849396,1.1790678696376793,0.5596002244600357,0.5588507632718158
62,3.894012002836576e-05,0.633915857605178,0.62054295684731,0.6990291262135923,0.6809173297895103,0.7059074525867695,0.6866403162055336,0.9403622902249827,0.6352004041001449,0.6226611048371918,0.6339930555555555,0.601334792222059,0.65625,0.6180449263081623,0.6177085137085137,0.6210412394622921,0.999487695188986,0.6016864502337435,0.6029705703653072,0.6274757281553398,0.6150285423287412,0.7087378640776699,0.694409280285291,0.727755991285403,0.6996546207415772,0.9595025307846686,0.6295035997296216,0.6185698977351152,0.9948278388278389,0.994747913051986,1.0,1.0,1.0,1.0,0.524313832903083,0.9947692958410114,0.9947275134336044,0.5803819444444445,0.5558608691970531,0.625,0.5998519600776,0.6022032353611301,0.5994759626338574,1.217205811382747,0.5567613837235406,0.5553603706235285
63,3.76144693438092e-05,0.6362459546925566,0.6232751804951484,0.7087378640776699,0.6892292292292292,0.7212106678899849,0.6957312252964426,0.9349103507717836,0.638013494745256,0.6254043478260869,0.6348263888888889,0.6022635149178999,0.65625,0.6185983834696739,0.6178095238095238,0.6220437457279563,0.9980020741787222,0.6025969992428255,0.6039167616009722,0.6438511326860842,0.6307995349970243,0.6990291262135923,0.6762482396467359,0.709194394929689,0.6793835874270656,0.9199530113283485,0.6440629034179424,0.632029440366397,0.9950476190476191,0.9949346194615731,1.0,1.0,1.0,1.0,0.5234662028249804,0.9947704456205958,0.9951023218488538,0.5794097222222222,0.5557261873267484,0.625,0.6075397246128953,0.6093073593073594,0.607051720209615,1.243015974796056,0.5565726944783919,0.5553391053391052
64,3.630632441491513e-05,0.6366019417475728,0.6236895550154512,0.6990291262135923,0.6809173297895103,0.7059074525867695,0.6866403162055336,0.93469494357464,0.6382497832017879,0.6259543133195307,0.6355902777777778,0.60310475167983,0.6666666666666666,0.6285994147696276,0.6291674641148326,0.6311346548188654,0.9996028345161014,0.603335805159402,0.604764828738513,0.6346925566343042,0.6195956904444966,0.6990291262135923,0.6730443112796054,0.7181449382260741,0.6801411631846415,0.937419935341406,0.6365976865033016,0.6218835874270656,0.9941318681318682,0.9940635855370209,1.0,1.0,1.0,1.0,0.520744311165897,0.9938780291563099,0.9942559952477396,0.5768055555555556,0.5488022827824324,0.6354166666666666,0.5919543258673693,0.5919340463458111,0.5942811574390522,1.21947084464531,0.548609956524515,0.5498520543783701
65,3.501700243274017e-05,0.6366666666666667,0.6237507115967171,0.7087378640776699,0.6892292292292292,0.7212106678899849,0.6957312252964426,0.9336130587722877,0.6379592472814974,0.6258832894158981,0.6369097222222222,0.6041595835758413,0.6666666666666666,0.6285994147696276,0.6291674641148326,0.6311346548188654,0.9989389705244038,0.6044376542748242,0.6058683830789093,0.6422006472491909,0.6279321616213202,0.6893203883495146,0.6582683309258367,0.6947715247715247,0.6641887822322605,0.9246667966294829,0.639417540839846,0.6282845975280759,0.9944468864468865,0.9943865493826213,1.0,1.0,1.0,1.0,0.5195811116372273,0.9941329262005414,0.994644573339494,0.5811805555555556,0.5552178992784544,0.625,0.598144388897305,0.5993863116288746,0.6009113693324221,1.2351927957266098,0.5557747090198644,0.5555475810738968
66,3.374780163522929e-05,0.6368932038834951,0.6238666273049673,0.7087378640776699,0.6892292292292292,0.7212106678899849,0.6957312252964426,0.9347192737971309,0.6380444103503642,0.6260098876968442,0.6386111111111111,0.6054713396047683,0.6666666666666666,0.6285994147696276,0.6291674641148326,0.6311346548188654,0.9944639082087411,0.6057650518103307,0.6072470190628085,0.6414563106796116,0.6286505214513628,0.7184466019417476,0.7019361757387693,0.7268036103330221,0.7083502729154902,0.9348520621242646,0.644891850721338,0.6307428665537361,0.9944395604395604,0.9944164435050892,1.0,1.0,1.0,1.0,0.51970627672681,0.9942652163887258,0.9945699844943536,0.5963541666666666,0.5693239300089953,0.6354166666666666,0.6006658558832472,0.6027498093058734,0.600991114149009,1.1605580608041977,0.5696230197490812,0.5690818713450293
67,3.250000000000001e-05,0.6363754045307444,0.623385159553959,0.7087378640776699,0.6888499025341132,0.7274449564772145,0.6957312252964426,0.9359215197131086,0.637325954834926,0.6254920007528703,0.6389583333333333,0.6060126182989766,0.6666666666666666,0.6285994147696276,0.6291674641148326,0.6311346548188654,0.993073177387317,0.6063027626839455,0.607734943419154,0.6312297734627832,0.6179677676019683,0.7087378640776699,0.6956609593650308,0.7191632928475034,0.7001684547336721,0.9436734490680078,0.6282125894670413,0.6190091222786875,0.9951794871794872,0.9950519223069365,1.0,1.0,1.0,1.0,0.5185981517082605,0.9950171438140046,0.9950893461697639,0.6078819444444444,0.5812216415489846,0.65625,0.6291042261773969,0.6306763285024155,0.6281840966051493,1.1637435851169498,0.582166343249517,0.5811680716943874
68,3.1274853957527385e-05,0.6371521035598705,0.6237640421373537,0.7087378640776699,0.6888499025341132,0.7274449564772145,0.6957312252964426,0.9359291716995363,0.6374706370631363,0.6257137869377,0.6397569444444444,0.6067335447756574,0.6770833333333334,0.6372574234276362,0.6389961861174677,0.6402255639097745,0.9910227924750911,0.607051103161884,0.6084940381256172,0.6356310679611651,0.6208661173546485,0.6990291262135923,0.6750451887293993,0.7157203907203907,0.6814455110107283,0.941375803075562,0.6345714495858767,0.621905819060167,0.9957435897435898,0.995676853076198,1.0,1.0,1.0,1.0,0.5187167456979717,0.9955340347892401,0.9958227995970063,0.6067013888888889,0.5790221981834902,0.6770833333333334,0.6532014029840116,0.6569991412096675,0.6529391660970607,1.1519229860278424,0.5797350585976659,0.5790627325890483
69,3.0073597126025036e-05,0.6365695792880259,0.622956756989246,0.7087378640776699,0.6888499025341132,0.7274449564772145,0.6957312252964426,0.9374682672818502,0.6368936813745658,0.6247528640441684,0.6403472222222222,0.6069970832216942,0.6770833333333334,0.6372574234276362,0.6389961861174677,0.6402255639097745,0.9883928344150384,0.6073000935949845,0.6087987772461456,0.6341100323624596,0.6196400628157867,0.7184466019417476,0.6993224158637693,0.7327359617682199,0.704064558629776,0.9434154440631374,0.6358920842792039,0.6214037110232763,0.9948498168498169,0.994822239320291,1.0,1.0,1.0,1.0,0.5162591864468851,0.9945640107992461,0.9950931469656549,0.5769791666666667,0.5485564136136238,0.59375,0.5642261366256895,0.5644298493268745,0.5646274777853725,1.2125178342407585,0.5481652786442863,0.5494876585402901
70,2.8897439069296083e-05,0.6374757281553398,0.6239807444769365,0.6990291262135923,0.6750451887293993,0.7157203907203907,0.6814455110107283,0.9340542462728556,0.6378863993643684,0.6257512798795407,0.6425347222222222,0.6090043556421767,0.6770833333333334,0.6372574234276362,0.6389961861174677,0.6402255639097745,0.9849453286909394,0.609246574877278,0.6108600288600289,0.6417152103559871,0.6296803457558987,0.6990291262135923,0.6793284193284194,0.7207983193277311,0.6857312252964427,0.9279069843454267,0.6428777540952392,0.6316564589999374,0.995934065934066,0.9958207624712653,1.0,1.0,1.0,1.0,0.5181766355028956,0.9957056279567154,0.9959384511515846,0.5952430555555556,0.5707964714610528,0.625,0.606688815060908,0.6061438561438561,0.6084871269081795,1.1740683484478116,0.570506471754209,0.57113438900281
71,2.774756407880501e-05,0.637378640776699,0.6237561420262766,0.6990291262135923,0.6750451887293993,0.7157203907203907,0.6814455110107283,0.9339465092069509,0.6374466102923189,0.6254290325616412,0.6434027777777778,0.609620151600032,0.6770833333333334,0.6372574234276362,0.6389961861174677,0.6402255639097745,0.9834831194414033,0.609926531696989,0.6114801017695755,0.6375728155339806,0.6227876410039814,0.6990291262135923,0.6760924189495618,0.71460913813855,0.6797788443440618,0.9429630892639407,0.6374245410630837,0.6244543791956836,0.995934065934066,0.9957768088784636,1.0,1.0,1.0,1.0,0.5158777608845261,0.995739907579788,0.9958154084788697,0.5940972222222223,0.5667695060400043,0.6145833333333334,0.5897048267779975,0.5910628019323672,0.5889496468443837,1.1678055460397334,0.5664614965826272,0.5674606212500949
72,2.662512998119651e-05,0.6393527508090615,0.6255849510442588,0.6990291262135923,0.6750451887293993,0.7157203907203907,0.6814455110107283,0.9323647359736915,0.6394238265956257,0.6270204404291361,0.6443402777777778,0.6105455561369144,0.6770833333333334,0.6372574234276362,0.6389961861174677,0.6402255639097745,0.9815473831113842,0.6108108133436764,0.6124171793119162,0.6388996763754046,0.6251205053395316,0.7087378640776699,0.6866011466011466,0.7270483193277311,0.6944268774703557,0.9375692346798178,0.6385004741885267,0.6266251019511888,0.995919413919414,0.9958409204246198,1.0,1.0,1.0,1.0,0.5177061279667166,0.9956874542649734,0.9959967175660907,0.5887847222222222,0.565107418745441,0.6354166666666666,0.617044125465178,0.6180505992862972,0.6171451355661881,1.2005147596414565,0.5659007630156634,0.5653022708285865
